,0,1,2,3,4,5,6,7,8
73,012750,에스원,73800.0,115000.0,94025.36704730832,6908.673110726877,81800.0,1.1494543648815199,0.03839956450892782
24,000810,삼성화재,126000.0,309000.0,251468.59706362154,40730.94437128977,184000.0,1.3666771579544648,0.0488157978920019
333,019680,대교,3075.0,11000.0,6802.190048939641,1715.6491827112065,4000.0,1.7005475122349103,0.05120171850345251
440,007980,태평양물산,1129.8912860872513,4659.285769159349,2939.1351011786655,677.965886864761,1860.0,1.5801801619240137,0.055723279113888434
304,115450,지트리비앤티,11850.0,47158.65882994249,23083.710136857615,7072.493318480808,11850.0,1.947992416612457,0.056101765163905325
15,033780,KT&G,63600.0,137000.0,100960.5220228385,13076.604728960565,80300.0,1.2572916814799315,0.057057929373476264
300,003920,남양유업,255000.0,944000.0,576877.6508972268,174377.60375675137,301500.0,1.9133587094435383,0.05714474057666435
157,000150,두산,26050.0,177326.55645617377,107671.7032776379,39168.602072308095,47700.0,2.2572684125290965,0.06287026860673936
318,002960,한국쉘석유,206000.0,501000.0,348681.48450244695,69572.77422986201,248000.0,1.4059737278324473,0.07392897921921447
469,007660,이수페타시스,1785.0,7070.0,4502.345024469821,813.4693065492226,3335.0,1.3500284930943989,0.07564064665591504
370,014620,성광벤드,4095.0,14150.0,9786.778140293638,1824.5274084560851,7170.0,1.3649620837229621,0.0757543985404454
349,071320,지역난방공사,26000.0,87400.0,58650.61174551387,14685.81731595851,37600.0,1.5598566953594113,0.07587215645655039
623,026040,제이에스티나,1390.0,14850.0,6173.917306052856,2911.0748391728257,2050.0,3.0116669785623684,0.078295498167481
537,078520,에이블씨엔씨,5790.0,21617.331544587025,12290.997439487648,3399.398864543153,7520.0,1.6344411488680384,0.08023647613931212
419,000850,화천기공,23950.0,62900.0,45178.1810766721,9273.250925626538,32250.0,1.400873831834794,0.0816381376800921
492,001130,대한제분,91500.0,240500.0,172052.2022838499,20186.106740777635,144000.0,1.1948069603045133,0.08231323498832832
589,225190,삼양옵틱스,7497.993599334172,19717.221358011237,13506.531682778163,3111.0031247505754,9230.0,1.4633295430962256,0.08462042652911517
428,004970,신라교역,6850.0,17800.0,13456.769983686787,2377.6596637965713,10200.0,1.3192911748712537,0.0853844041592276
231,086900,메디톡스,104900.0,807677.760613265,409819.29287960724,155972.19457056365,200000.0,2.049096464398036,0.08927463937154922
354,035000,지투알,3400.0,11600.0,7752.304241435563,1686.8243598048302,5500.0,1.4095098620791933,0.09089998266935201
236,009970,영원무역홀딩스,27400.0,72000.0,52770.880913539964,9338.526320335706,40550.0,1.3013780743166452,0.09532613321818695
42,078930,GS,30300.0,76700.0,51603.83360522023,9922.08367608071,38650.0,1.335157402463654,0.095851834730385
283,017940,E1,22400.0,74000.0,55156.76998368678,9702.233439870595,42500.0,1.297806352557336,0.0960279544319082
172,000815,삼성화재우,86100.0,206500.0,170965.98694942903,21957.04473731755,142500.0,1.1997613119258177,0.09741200174894055
295,005500,삼진제약,16650.0,58200.0,33365.008156606855,7406.966596603412,24200.0,1.378719345314333,0.1079786355253124
84,001450,현대해상,17700.0,49200.0,32855.13866231648,7700.745928694705,23550.0,1.3951226608202327,0.11345777174088129
562,005800,신영와코루,64300.0,189000.0,130633.4693877551,28282.238065542097,96500.0,1.3537147086814,0.11373780561326291
475,004150,한솔홀딩스,2414.861847141359,9075.360981639535,5481.137719681366,1521.210142258054,3655.0,1.4996272830865571,0.11498218194354942
67,002380,KCC,107000.0,525659.3987084412,348632.7548227332,120437.70722162181,204500.0,1.70480564705493,0.11570374007843759
327,029530,신도리코,19500.0,73100.0,45821.044045677,12984.324522948511,30300.0,1.5122456780751485,0.11597167118006352
239,002270,롯데푸드,211500.0,1128825.561239365,620649.2240194625,214755.31305925865,368500.0,1.6842584098221505,0.12017281433162547
491,005810,풍산홀딩스,15543.0869247866,45236.7808319455,30573.907305039702,7098.724249918857,22250.0,1.3741081934849304,0.12047972841915616
381,002795,아모레G우,16100.0,85600.0,43541.63947797716,18743.24742199608,21700.0,2.00652716488374,0.12194735114501776
342,053210,스카이라이프,4760.0,18500.0,12421.504893964111,3284.712809919537,8640.0,1.4376741775421424,0.12481599801545645
519,015360,예스코홀딩스,26300.0,42800.0,37720.95639943741,3285.715509284921,33950.0,1.111073826198451,0.12554994157638538
414,033920,무학,3660.0,35544.0350877193,15314.78814286941,7353.281693150292,6900.0,2.219534513459335,0.1262375596149783
396,096760,JW홀딩스,3592.47117473804,15198.91349918533,7062.853276279029,1814.5871512029537,5020.0,1.4069428837209221,0.13012613484601965
362,023160,태광,5670.0,15200.0,9865.032626427406,2079.8060837187254,7530.0,1.3100972943462692,0.1307789570356408
369,101060,SBS미디어홀딩스,1575.0,3500.0,2466.146003262643,482.87080696255197,1930.0,1.2777958566127683,0.13342839823400943
582,090470,제이스텍,5230.0,28450.0,12878.083197389886,5246.128632524265,7120.0,1.8087195501952087,0.13619241061029458
261,006840,AK홀딩스,12000.0,86900.0,50574.021207177815,19681.987208352566,29000.0,1.7439317657647522,0.1365108930399599
559,078000,텔코웨어,10450.0,20300.0,13058.972267536705,1493.2450090957834,11450.0,1.1405215954180528,0.14062836022916592
224,213500,한솔제지,8410.0,21750.0,16029.299375276034,2127.2711426047476,13750.0,1.1657672272928026,0.14197990413666856
68,036460,한국가스공사,16600.0,64500.0,42327.610114192496,9659.00649378851,32050.0,1.3206742625333072,0.14365433198028282
249,005610,SPC삼립,40650.0,223500.0,118041.43932267168,42937.05398151925,72400.0,1.6304066204788905,0.1438944033172624
196,000670,영풍,384000.0,1328000.0,814267.9445350734,231206.37345607582,573000.0,1.4210609852270042,0.1483542922707276
347,052330,코텍,6900.0,18300.0,12997.903752039152,2491.24316358651,10400.0,1.2497984376960722,0.1485171761850841
584,378850,화승알앤에이,3908.964156022261,15516.888149775323,8605.709352772457,2502.8061884250346,6000.0,1.434284892128743,0.14891106264965398
92,051600,한전KPS,24750.0,77300.0,41422.47145187602,12815.574020650662,28100.0,1.474109304337225,0.14927375624441674
588,005870,휴니드,3800.0,17275.716269782937,9518.316785224992,2784.3924912861535,6630.0,1.4356435573491693,0.14979247325332062
187,093050,LF,8940.0,36300.0,22199.94290375204,5789.55073481726,16200.0,1.3703668459106197,0.15002177985347903
329,004690,삼천리,56000.0,125500.0,96427.48776508973,14736.954623024212,81200.0,1.187530637501105,0.15073505641371066
119,057050,현대홈쇼핑,45050.0,147500.0,102296.8189233279,21985.876962060393,79800.0,1.2819150241018533,0.15309729790096266
279,072710,농심홀딩스,63300.0,163000.0,96738.17292006525,21888.107170703377,74500.0,1.2984989653700034,0.15481625933974213
111,170900,동아에스티,66200.0,171213.27370347333,98661.79194736588,14868.538588277726,83600.0,1.1801649754469603,0.15553068509734513
182,049770,동원F&B,131500.0,345000.0,231088.9070146819,39716.364890439436,191000.0,1.2098895655218949,0.15639619738214938
74,001040,CJ,53100.0,240748.07209432582,138137.47423695002,46560.69396616,91200.0,1.5146652876858555,0.1567050915197843
564,011560,세보엠이씨,3350.0,17300.0,8933.894779771616,2756.954934739589,6160.0,1.4503075941187689,0.15717305565126538
56,005830,DB손해보험,23800.0,74700.0,56077.68292682927,11507.182107095638,44500.0,1.2601726500411072,0.15717731809351249
402,119610,인터로조,16710.35197754754,45173.246616535944,29393.809580461344,6971.250095921413,22400.0,1.3122236419848814,0.15787348562260306
394,013030,하이록코리아,6800.0,32900.0,19752.814029363784,4717.471494271506,15050.0,1.3124793374992547,0.15940823935336057
578,093190,빅솔론,3504.4614025590336,8058.670698774176,5985.713350643237,990.0463806585356,5000.0,1.1971426701286474,0.15971657871453626
16,015760,한국전력,16250.0,63000.0,34586.94942903752,11844.546878967247,22800.0,1.5169714661858562,0.15983476571392924
139,009410,태영건설,9330.0,42423.605812145055,19602.380014787315,7210.599682704439,12500.0,1.5681904011829852,0.1623141020606178
448,037710,광주신세계,119000.0,271000.0,203949.4290375204,41419.608533909486,163500.0,1.2473971194955376,0.16438935301594926
100,114090,GKL,10900.0,34000.0,21634.42088091354,4791.564223211834,17000.0,1.2726129929949141,0.1667209898646575
76,023530,롯데쇼핑,58300.0,357335.49716132786,188475.40293862435,69776.89333492315,121000.0,1.5576479581704492,0.16676790781302797
576,002450,삼익악기,982.0,3302.474604227738,1994.6014107817261,418.56841005618975,1590.0,1.254466296089136,0.16686414043458225
79,002790,아모레G,43550.0,168855.60668450358,99301.44470631272,38515.55587962565,62500.0,1.5888231153010035,0.16966356120691578
256,034830,한국토지신탁,1460.0,4020.0,2652.463295269168,594.2742175043761,2085.0,1.2721646500091934,0.16981803056919392
609,078935,GS우,24450.0,46900.0,35934.33931484503,4175.793637371739,31950.0,1.1247054558636942,0.17000350745093618
160,002350,넥센타이어,3890.0,15202.588111954148,10296.931148454247,2947.069634750904,7500.0,1.372924153127233,0.17129632193149275
398,044820,코스맥스비티아이,8720.0,69400.0,27794.853181076673,12581.46206174305,16000.0,1.737178323817292,0.17425617773338886
131,007310,오뚜기,426111.3709466362,893730.1146166062,662702.069975894,92593.19468871847,576000.0,1.1505244270414825,0.17453974652043996
350,001520,동양,764.0,3645.0,2000.1174551386623,689.9667966494786,1360.0,1.4706745993666634,0.1767683472457669
453,000480,조선내화,68100.0,110000.0,84054.1598694943,5563.665198092144,79000.0,1.0639767072087885,0.18182746335883443
615,000590,CS홀딩스,35350.0,101000.0,69774.14355628059,12181.093927308226,58800.0,1.1866350944945678,0.1838164668570375
108,004990,롯데지주,20350.0,71273.44888801355,42974.6405541412,11411.424727806902,32700.0,1.3142091912581408,0.18395851842017708
484,267290,경동도시가스,12300.0,39926.248285529444,24968.556002762332,6355.955532290216,19250.0,1.297067844299342,0.18413565652192304
105,005440,현대그린푸드,5020.0,20050.0,13453.352365415987,3506.165429322763,10300.0,1.3061507150889309,0.18422686779073216
473,010955,S-Oil우,26300.0,108500.0,65120.47308319739,22187.213473872587,45200.0,1.44071843104419,0.18463656551903967
39,010130,고려아연,293500.0,559000.0,442112.5611745514,45081.20533815786,402500.0,1.098416301054786,0.189783747550407
277,090435,아모레퍼시픽우,52400.0,261000.0,132411.5823817292,57163.20006130803,82200.0,1.6108465009942727,0.18986605902163417
255,001060,JW중외제약,18841.71039399114,81705.81813512265,37059.98038979269,8157.254332315966,29950.0,1.2373950046675355,0.19170938447915997
118,003690,코리안리,5600.0,14100.0,9992.194127243067,1885.2492062405938,8350.0,1.196669955358451,0.19185650398367898
502,041830,인바디,13500.0,50600.0,27277.977161500814,8935.200984839568,19500.0,1.3988706236667083,0.1920171339137785
247,031440,신세계푸드,38700.0,177500.0,107724.63295269168,38237.45680515887,74500.0,1.4459682275529084,0.19245015133133142
37,267250,현대중공업지주,165457.6491410609,454106.50745568424,321299.99668032926,62230.17533073019,268000.0,1.1988805846280943,0.1958612960650128
495,036190,금화피에스시,19800.0,44700.0,33357.01468189233,4971.570989235571,29100.0,1.146289164326197,0.19592380340575571
557,016090,대현,1275.0,4412.44297440671,2687.3597444228594,657.1834022899897,2125.0,1.2646398797284044,0.19607854169892275
267,018250,애경산업,18800.0,77434.12204535906,37182.76717476523,14733.900898351741,24650.0,1.5084286886314493,0.19749370022866447
351,115160,휴맥스,1853.9162027759426,12400.639489679083,6719.729368897812,2790.510719656528,4370.0,1.5376955077569363,0.19988200750928536
550,067280,멀티캠퍼스,22100.0,55700.0,37650.938009787926,6406.01448393609,32300.0,1.1656637154733105,0.20177466742506683
200,006060,화승인더,5660.0,13400.0,8925.032626427406,1579.411269466671,7620.0,1.1712641242030717,0.20432323362700294
379,111110,호전실업,7680.0,25200.0,13570.394088669951,3971.5728583020245,10300.0,1.3175139891912573,0.2051258966871214
259,122900,아이마켓코리아,6505.077860912912,20751.73598605276,10945.000516692493,2436.3235672779288,8950.0,1.2229050856639656,0.20643401341241008
319,002240,고려제강,9913.04347826087,35843.47826086957,23115.41953330023,6823.911000993765,17550.0,1.3171179221253693,0.20737127767083086
59,035250,강원랜드,16250.0,44600.0,31095.43230016313,5890.664660247994,26300.0,1.182335828903541,0.20780150550906673
541,095570,AJ네트웍스,1970.0,8520.0,5535.041220115417,1427.5698551625442,4375.0,1.2651522788835239,0.20822412641366567
339,084850,아이티엠반도체,24333.46382257304,71176.94538137123,53065.16100615813,9623.941440042629,45350.0,1.170124829242737,0.2113738646926016
66,138930,BNK금융지주,3650.0,11550.0,7944.620717781403,1770.5592794792312,6550.0,1.2129191935544126,0.21544417008111877
140,088350,한화생명,895.0,8090.0,4548.47634584013,2055.52107814669,2970.0,1.531473517117889,0.2212672706359476
36,032640,LG유플러스,9430.0,18300.0,13395.10603588907,1775.709444014853,12050.0,1.1116270569202549,0.2243741488916257
112,282330,BGF리테일,109000.0,399903.4528132703,206967.57913554469,59249.61464372621,162500.0,1.2736466408341212,0.22647303526091234
452,282690,동아타이어,9050.0,50190.721483956724,22580.087930796104,15318.339288938598,11200.0,2.0160792795353664,0.22876926159053923
242,002030,아세아,67500.0,171000.0,107573.73572593801,17828.508110930954,94400.0,1.139552285232394,0.22997958502176508
284,051500,CJ프레시웨이,11700.0,59300.0,31591.517128874388,9794.06074829736,24450.0,1.2920865901380119,0.23294940651343765
272,145990,삼양사,23246.579286909742,117729.45733284763,74002.06447520979,22682.12828256501,57700.0,1.2825314467107416,0.23615720118566408
409,237880,클리오,10450.385132747024,42343.60288142011,24564.4703925283,8577.786011766571,18450.0,1.3314076093511273,0.23797666321847327
32,010950,S-Oil,48500.0,137500.0,92614.7634584013,20154.062998109275,78700.0,1.176807667832291,0.24496512508271856
204,028150,GS홈쇼핑,88600.0,245200.0,173535.56280587276,33413.91167520039,150500.0,1.153060217979221,0.2452856778327865
31,032830,삼성생명,31900.0,137500.0,91662.3572593801,23910.74671351725,75200.0,1.218914325257714,0.2455715106694994
177,060980,한라홀딩스,24450.0,80978.37805706036,50195.03207112836,13543.548539181524,40900.0,1.2272623978270991,0.24625977009717903
245,034310,NICE,13200.0,23000.0,18631.647634584013,2023.5656692526866,17250.0,1.0800955150483487,0.24737333023178232
555,009440,KC그린홀딩스,2320.0,8940.0,5408.809135399673,1493.017123714337,4390.0,1.232074973895142,0.24749847922083706
488,148150,세경하이테크,14081.738532898127,39550.0,24968.82649113795,5384.67454999503,21300.0,1.1722453751707957,0.24782629000477208
625,085810,알티캐스트,500.39863277442913,4399.026786628937,2486.1087212523307,894.1185517960954,1880.0,1.3223982559852823,0.2489226011476035
258,003520,영진약품,3360.24945682505,16995.481356774097,7729.989839809725,2199.106805156923,6240.0,1.2387804230464303,0.24903068838463216
103,004800,효성,26482.52080522898,293325.64884717285,139606.69046240044,83342.29299773255,84000.0,1.6619844102666719,0.25231946527765925
93,214320,이노션,43250.0,88800.0,64974.26590538336,8122.128281922917,59600.0,1.0901722467346202,0.254087528579763
211,071840,롯데하이마트,11250.0,80700.0,48751.8352365416,16779.33637788511,37750.0,1.291439344014347,0.2560157877728506
591,005010,휴스틸,4200.0,22439.53195022402,11712.878417640539,2883.3442230319683,9830.0,1.1915440913164332,0.25687203085041865
263,280360,롯데제과,90500.0,581255.741838077,221247.43208404185,146002.70249412386,126000.0,1.7559320006669987,0.25708203143199626
373,138250,엔에스쇼핑,4770.0,19250.0,13439.341021416803,2866.969823872439,11600.0,1.158563881156621,0.26057856539771257
386,036580,팜스코,2565.0,15550.0,9338.083197389886,3451.087382085077,7160.0,1.304201563881269,0.26397791333883713
213,005180,빙그레,36000.0,79200.0,63232.3409461664,6233.8781575231715,59300.0,1.0663126635103946,0.26408509549845505
38,024110,기업은행,4586.537066347698,13039.258612666787,9918.610637167132,1620.6236887928687,8900.0,1.1144506333895654,0.2648283940899324
86,035760,CJ ENM,81500.0,266466.3368226608,168797.52767006244,43935.4243101988,141700.0,1.1912316702192127,0.26869715493887153
109,029780,삼성카드,23600.0,54300.0,36544.29037520391,4809.494439265701,33600.0,1.0876276897382118,0.2702083686059458
603,171120,라이온켐텍,5956.407508033419,17549.26689103217,10238.818901664008,3053.019514210378,8380.0,1.2218160980505977,0.2713132401866776
8,055550,신한지주,20731.727818332572,50853.03871516699,38609.00881725203,5817.881501834141,35100.0,1.0999717611752715,0.27320710646936164
63,128940,한미약품,211302.62975313872,626368.507955022,376127.0130077241,99709.24940738762,316500.0,1.1883949858063951,0.27491701586531947
361,306200,세아제강,28900.0,244332.40489369954,124338.82068819948,62975.02330838496,86800.0,1.4324748927211923,0.27555734504709706
598,001045,CJ우,27050.0,113000.0,64381.402936378465,18049.53515116165,53700.0,1.19890880700891,0.2769980492600189
170,079550,LIG넥스원,16100.0,108500.0,51466.10929853181,23860.309188364903,37400.0,1.3760991791051287,0.2777565333762744
246,267980,매일유업,56600.0,101500.0,76550.47274256276,8933.728449877957,71600.0,1.0691406807620498,0.28974395208495773
481,249420,일동제약,8838.351284707132,33437.02618147033,18396.42329888389,4250.679031892428,16050.0,1.1461945980613015,0.2904702701412105
310,00088K,한화3우B,8040.0,20750.0,15240.422794117647,2524.7928322774706,13850.0,1.1003915374814186,0.2909170407520115
413,000320,노루홀딩스,6330.0,23187.424990506843,13713.068541181461,3111.319917524017,12000.0,1.1427557117651217,0.2909566215905695
257,079430,현대리바트,5680.0,32530.639462365307,19667.91694652619,4769.121007351104,17050.0,1.1535435159252898,0.29152650346070236
129,005300,롯데칠성,72140.54448056032,285345.4164360756,152040.8006648305,53133.16156854546,123000.0,1.2361040704457764,0.29233833019214983
166,012630,HDC,6880.0,20800.0,12809.916703312583,3187.945343638327,11100.0,1.1540465498479804,0.2958515973585436
405,099190,아이센스,16700.0,39448.93296600088,26838.584943040118,4199.3929153146155,24600.0,1.09099938792846,0.2969913623952705
179,001800,오리온홀딩스,6987.471226548685,29499.3553319826,16826.341257445456,5211.729641188691,14050.0,1.1976043599605306,0.2971171208767218
430,006730,서부T&D,3594.8227177281274,13994.98566780811,8850.167934607774,1916.1140948687164,7840.0,1.1288479508428284,0.2990286980839255
202,001430,세아베스틸,5360.0,36550.0,20649.26590538336,7319.7933248014615,16900.0,1.22185005357298,0.30425228231068835
518,041650,상신브레이크,2050.0,8540.0,5289.76753670473,1869.5940536674104,4340.0,1.2188404462453295,0.30572409135684503
205,003240,태광산업,496000.0,1749000.0,1085857.259380098,271707.66706734046,949000.0,1.14421207521612,0.30723855187683535
250,019210,와이지-원,3190.0,20276.251167706592,9149.98313458456,3482.932516114722,7430.0,1.2314916735645436,0.31071245594123353
594,007210,벽산,910.0,9100.0,3327.150897226754,1579.4788381198978,2560.0,1.2996683192292007,0.31359038504539444
306,025860,남해화학,4510.0,21850.0,9999.898042414356,2464.6314808780116,8810.0,1.1350622068574752,0.3146226262291831
150,041510,에스엠,16696.154781104156,55050.240530849995,33459.36295936829,7712.772776886141,29750.0,1.1246844692224636,0.31528039981343026
125,161890,한국콜마,31400.0,97749.15480757548,63429.59981467035,14487.285624758306,56500.0,1.1226477843304488,0.31621021607604993
363,002810,삼영무역,10058.540117186662,21712.42752456984,15364.600771985863,1734.2869131317188,14550.0,1.0559863073529803,0.3192834048593278
498,039830,오로라,6200.0,14450.0,10620.073409461664,1355.673036672838,10000.0,1.0620073409461663,0.323694813676765
91,004370,농심,214000.0,417500.0,303342.5774877651,44579.2952531722,283000.0,1.0718818992500534,0.3240787043484626
513,054050,농우바이오,6530.0,24263.654902657494,13868.70367810468,3331.9118492914167,12350.0,1.1229719577412698,0.324264931741461
463,067830,세이브존I&C,1745.0,6040.0,4082.4755301794453,1067.5155829349296,3600.0,1.1340209806054016,0.3256484987948548
326,092730,네오팜,20200.0,57090.90700409059,36705.093307440315,9553.002535368823,32400.0,1.1328732502296393,0.32611967776241557
94,000880,한화,12050.0,52000.0,32778.34420880913,8060.893379300088,29150.0,1.1244714994445673,0.32631308162257144
507,092200,디아이씨,989.0,6668.154850336612,3797.9509449979505,1564.5685908079604,3100.0,1.2251454661283712,0.32776322277334924
486,000860,강남제비스코,11650.0,43350.0,28399.877650897226,8288.330251164309,24750.0,1.1474698040766556,0.32983694858996404
474,042000,카페24,10264.400270500251,96917.96682225334,41417.988045466365,19121.84235855072,33000.0,1.2550905468323141,0.32988565724572094
49,005940,NH투자증권,6310.0,17050.0,12150.10603588907,2070.8465559125734,11250.0,1.0800094254123618,0.33190604304420673
407,054950,제이브이엠,12250.0,66200.0,41282.38172920065,10479.396673915246,36800.0,1.1218038513369741,0.3344228317969702
483,004250,NPC,2650.0,7670.0,4875.819738988581,1370.5607525604378,4290.0,1.136554717712956,0.33453282608420754
410,036560,영풍정밀,4755.0,10250.0,8361.056280587276,786.7794634945986,8030.0,1.0412274322026496,0.3369600880039355
387,003200,일신방직,41400.0,152500.0,99929.89396411093,23893.65523990503,90000.0,1.1103321551567882,0.3388560980863594
82,047810,한국항공우주,16350.0,86400.0,44059.50040950041,16478.125708992276,37300.0,1.1812198501206546,0.3408257645934598
619,258830,세종메디칼,4480.0,33700.0,11919.452449567723,4147.802568827541,10250.0,1.1628734097139242,0.34366142218840634
147,008930,한미사이언스,19174.28752318322,137704.66827302516,69399.76285166817,26808.078002380113,59000.0,1.1762671669774267,0.34903246684473593
587,108675,LG하우시스우,12800.0,85800.0,42882.204081632655,16571.94855163948,36550.0,1.173247717691728,0.35119219635109655
228,007570,일양약품,18950.0,97600.0,40146.77255537695,15317.430392834587,34300.0,1.170459841264634,0.3513393015283067
169,079160,CJ CGV,8530.842705128205,73250.69884615384,33663.351421822066,14115.54806814488,28300.0,1.1895177180855854,0.3519873493301592
203,052690,한전기술,12950.0,38800.0,22270.43230016313,4969.790425580188,20400.0,1.091687857851134,0.3533244917485061
384,102260,동성코퍼레이션,2350.0847532330818,7788.85232500107,5752.069505320667,989.6632407179206,5400.0,1.0651980565408643,0.36101510640125595
173,115390,락앤락,6726.348153826435,32165.1758940853,16203.995265488056,4728.6627149873775,14550.0,1.1136766505490072,0.3632516175107663
432,011760,현대상사,7060.0,49800.0,21319.445350734095,5816.377722823892,19300.0,1.1046344741313003,0.36422059965052156
33,316140,우리금융지주,6560.0,15067.30697239295,10602.301778009276,1915.1905726554196,9940.0,1.0666299575462048,0.36474084629972253
459,002990,금호산업,4288.760375219428,15836.9362479433,10030.970525381663,1942.0933289178422,9370.0,1.0705411446511914,0.36680054304521814
78,069960,현대백화점,53000.0,147500.0,93135.88907014682,20445.80813044249,86200.0,1.0804627502337218,0.3672171748510721
141,000640,동아쏘시오홀딩스,69008.33070959781,172262.71309525086,116613.7270202909,21055.57526808014,109500.0,1.0649655435643004,0.3677363082064619
393,016450,한세예스24홀딩스,3150.0,24150.0,9053.731647634584,3238.236677224835,7960.0,1.1374034733209277,0.36777379333738347
612,012320,경동인베스트,18000.0,71400.0,38793.4029877864,8657.528314103352,36000.0,1.0775945274385113,0.3734779095389482
378,078150,HB테크놀러지,1635.0,5994.828472503744,3319.4185859016848,929.5636663827001,3020.0,1.0991452271197633,0.3736859717379514
548,214180,민앤지,7765.947802042245,27691.450029913103,17857.283001218842,3518.430669653584,16750.0,1.0661064478339608,0.3764911752358597
297,123890,한국자산신탁,1274.378256189062,7843.3427313636075,4498.2776802533035,1412.8450079652207,4055.0,1.1093163206543288,0.3768561172958752
98,007070,GS리테일,25950.0,59100.0,40851.54975530179,6776.326863394593,38750.0,1.0542335420723044,0.3782306286432964
531,102460,이연제약,6742.162161105758,26975.85180912507,18677.646383696258,3897.8673017068536,17500.0,1.0672940790683576,0.3812780722230885
149,009240,한샘,46850.0,235500.0,124355.46492659053,53228.694489429035,108500.0,1.1461333172957653,0.3828995173090032
451,063080,게임빌,13700.0,97610.27597073746,50818.21009656692,17815.245565792986,45750.0,1.1107805485588398,0.3880185044329299
330,024720,한국콜마홀딩스,13181.385038983472,54367.01932133441,31218.85840495521,8624.119331632939,28850.0,1.0821094767748773,0.39178170353491093
499,003480,한진중공업홀딩스,2150.0,6390.0,4086.941272430669,990.265818682185,3815.0,1.0712821159713417,0.3918062436787244
162,139130,DGB금융지주,3420.0,13150.0,8750.161491331584,2070.065124671875,8200.0,1.0670928647965348,0.39520812185067955
96,009420,한올바이오파마,10950.0,41600.0,24886.351678155555,8480.78193466938,22650.0,1.0987351734285014,0.3960069343012884
359,004380,삼익THK,7590.0,27900.0,13657.47145187602,3964.6184325242284,12650.0,1.0796420120060095,0.399703120047025
57,004020,현대제철,13150.0,68700.0,45498.817292006526,12540.486134022514,42450.0,1.0718213731921442,0.40395701276959867
418,023410,유진기업,2700.0,10840.981651569457,5337.513419375109,1110.1557382989072,5070.0,1.0527639880424278,0.4047894663658593
546,092230,KPX홀딩스,35800.0,107000.0,59653.22185970636,8165.712274999961,57800.0,1.032062661932636,0.4102306701181135
55,028050,삼성엔지니어링,7070.0,20200.0,13954.942903752039,2931.1814496231564,13300.0,1.0492438273497773,0.41159657490254475
120,001740,SK네트웍스,4015.0,8120.0,5784.045676998368,880.3097012738225,5590.0,1.0347130012519443,0.412768579744727
340,027410,BGF,2720.0,13799.701341324742,6650.658190653229,2379.4444724685795,6160.0,1.0796523036774723,0.41831459623158507
130,181710,NHN,54900.0,95900.0,72678.28810020877,8149.717529340389,71000.0,1.0236378605663206,0.4184219918512939
13,028260,삼성물산,75617.362783359,171534.68873003588,122037.6746084859,17603.379263243572,118500.0,1.0298537941644381,0.4203627155343548
43,139480,이마트,97900.0,317500.0,181625.7748776509,50888.7695041251,172000.0,1.055963807428203,0.4249863633427154
289,085620,미래에셋생명,2175.0,6090.0,4296.577351107622,654.792251191644,4175.0,1.0291203236185922,0.42635053595097155
293,234080,JW생명과학,10700.0,31150.0,20506.510658016683,3918.7714115877907,19800.0,1.0356823564654891,0.4284629176699606
526,005430,한국공항,20750.0,58900.0,41473.40946166395,5859.616421829998,40450.0,1.0253006047382929,0.4306754881629816
134,001680,대상,13200.0,33321.04329900478,25470.451972095285,2695.7270680245583,25000.0,1.0188180788838115,0.4307293276659045
371,013570,디와이,2310.0,8020.0,5845.831973898858,1095.6313812505175,5660.0,1.0328325042224131,0.432657734192056
30,030200,KT,17650.0,35400.0,28188.662316476344,3027.1455411838733,27700.0,1.0176412388619618,0.43587864324830516
270,265520,AP시스템,18573.586740042127,53846.17803298249,30757.26860131065,8432.550519296909,29450.0,1.0443894261905144,0.4384002219040384
206,034120,SBS,13550.0,30000.0,22559.298531810768,4043.270952748111,21950.0,1.027758475253338,0.4401083719058607
314,007160,사조산업,18950.0,87300.0,54286.174551386626,15971.428396592028,51900.0,1.0459763882733455,0.4406179400315247
568,069510,에스텍,6670.0,15400.0,10796.590538336051,1351.4117632449907,10600.0,1.0185462772015144,0.4421697046988565
88,017800,현대엘리베이,24223.720793074324,88830.36982480371,45647.85217460749,12879.541676111096,43850.0,1.0410000495919611,0.4444920645468463
549,282880,코윈테크,13600.349932745983,31537.043322309524,24142.921309140078,2836.2917305847095,23750.0,1.0165440551216876,0.4449094133490741
375,046140,SBS콘텐츠허브,4125.0,12700.0,7307.271615008157,1876.8983420988006,7050.0,1.0364924276607315,0.4454866462070999
408,003380,하림지주,3694.0402702697434,13630.957924589315,9329.190852704687,2271.427681088645,9050.0,1.0308498179784185,0.4510874966793212
199,000070,삼양홀딩스,32500.0,168000.0,94804.97553017945,28896.108764927205,91500.0,1.0361199511495023,0.45447049745497037
18,034730,SK,107000.0,355000.0,247908.64600326263,35228.25591739566,244000.0,1.016019040996978,0.45582719881953293
506,014710,사조씨푸드,2370.0,8110.0,6149.461663947798,1079.8887677784435,6030.0,1.0198112212185404,0.4559572395675451
570,065570,삼영이엔씨,3942.6515081579755,11507.041029623859,6946.63006347186,1533.4725766295799,6780.0,1.0245767055268231,0.4567353260332951
275,004430,송원산업,7200.0,31150.0,19223.539967373574,4418.687683708411,18800.0,1.022528721668807,0.46181906630309644
399,078160,메디포스트,18287.184338799696,79723.56115525922,36201.91257960538,9704.153992893762,35300.0,1.02554993143358,0.46297526568483355
424,005680,삼영전자,5890.0,17800.0,11344.543230016314,2149.422246854372,11150.0,1.0174478233198487,0.46394115455528673
337,039570,HDC아이콘트롤스,5050.0,19450.0,10273.702664796634,1934.2916077538978,10100.0,1.0171982836432312,0.46422240065158243
28,018260,삼성에스디에스,125000.0,264000.0,187267.53670473082,31339.39618814356,184500.0,1.0150001989416304,0.46481572091380857
41,000720,현대건설,19300.0,79100.0,43826.63132137031,9408.122976920693,43000.0,1.0192239842179143,0.4649925536599102
106,069620,대웅제약,62700.0,275500.0,133269.24959216965,42937.16254143837,129500.0,1.0291061744569086,0.4650236802394597
296,122990,와이솔,7456.030076481162,18090.367879934187,12823.386018982761,2045.585876620039,12650.0,1.013706404662669,0.4662256774547657
586,075180,새론오토모티브,2930.0,8410.0,6056.721044045677,1546.2797140093337,5930.0,1.021369484662003,0.4673423571458572
345,000370,한화손해보험,965.0,9200.0,5113.62436135153,1862.3110067341165,4970.0,1.028898261841354,0.4692634141525089
138,103140,풍산,13800.0,58600.0,32426.468189233277,9229.819845114689,31750.0,1.0213060847002606,0.47078704120640447
184,108670,LG하우시스,31450.0,150000.0,79634.17618270799,24631.54561123443,77900.0,1.022261568455815,0.4719357816447433
148,105630,한세실업,6810.0,58700.0,22357.99347471452,7896.797825000775,21850.0,1.0232491292775523,0.47435411278082545
336,004360,세방,6800.0,18150.0,13191.37030995106,2248.2653808566724,13050.0,1.01083297394261,0.47493113980749346
504,293480,하나제약,14600.0,33150.0,23815.573770491803,1876.254719395286,23700.0,1.004876530400498,0.4754414355475872
458,236200,슈프리마,15601.010423210686,47150.0,26315.47928275893,5105.292751092032,26050.0,1.0101911432920894,0.4792640298995219
601,093920,서원인텍,3290.0,12750.0,7912.238988580751,2551.0214247176455,7810.0,1.0130907795878041,0.4840156031025167
575,214430,아이쓰리시스템,10398.460057747834,29641.48219441771,21214.122883295353,2944.600780726502,21100.0,1.005408667454756,0.48454220066405507
260,003220,대원제약,9680.767205926759,25751.79453793325,16536.7349226958,1873.8941186328916,16500.0,1.0022263589512606,0.49217982751331363
431,009580,무림P&P,2340.0,11200.0,4936.89233278956,1658.3303527978235,4905.0,1.0065020046461897,0.4923281777334536
563,225330,씨엠에스에듀,1939.180189161812,10493.317280065907,6534.687118618482,1431.059588268584,6520.0,1.002252625554982,0.49590568430395093
558,086960,한컴MDS,6420.0,23192.116537510785,14729.328065782338,3265.7485176504356,14700.0,1.0019951065158053,0.49641734563685386
46,034220,LG디스플레이,8900.0,38900.0,22197.96084828711,7064.206106852952,22200.0,0.9999081463192393,0.5001151585628762
501,215360,우리산업,11250.0,42650.0,27121.778140293638,6459.718419569528,27150.0,0.9989605208211285,0.5017429331311835
264,272290,이녹스첨단소재,27447.098882366976,88773.1160022954,52172.952115686574,11035.120248294486,52300.0,0.9975707861507949,0.5045929407071557
29,090430,아모레퍼시픽,120500.0,441000.0,254001.6313213703,82364.48361157815,256000.0,0.9921938723491027,0.5096783894206454
621,024880,케이피에프,2028.7373425705134,5967.17607043585,4245.514912905006,550.6294310311094,4260.0,0.9965997448133816,0.5104935314318593
372,002390,한독,15550.0,41250.0,27171.734647830544,5110.974695057702,27400.0,0.9916691477310418,0.5178115605166318
571,290740,액트로,5126.560229293341,14549.230060453983,9848.174715631523,2119.9222455171885,9960.0,0.9887725618103939,0.521034334492039
461,004980,성신양회,4100.0,16648.024910025353,8242.835517162408,2138.0291245405615,8380.0,0.9836319232890701,0.5255764513986082
454,222040,코스맥스엔비티,2860.0,16050.0,7944.619341563786,2377.3526186405525,8100.0,0.9808172026621959,0.5260557937782921
590,078140,대봉엘에스,4400.0,15900.0,10020.575040783035,2446.9742448118345,10200.0,0.9824093177238269,0.5292263440616708
616,036010,아비코전자,3075.0,12000.0,6710.947377887934,1577.7206768861843,6840.0,0.9811326575859552,0.5325958797135982
325,080160,모두투어,7690.0,40450.0,21817.270255573683,6950.922217351033,22450.0,0.9718160470188723,0.5362648970923203
460,007340,디티알오토모티브,21800.0,39350.0,30023.955773955775,3954.0694565743715,30400.0,0.9876301241432821,0.5378835283970915
443,053690,한미글로벌,4750.0,13800.0,9864.494781339285,1300.3440940762164,9990.0,0.9874369150489775,0.5384449853692428
35,011170,롯데케미칼,117000.0,474500.0,296416.8026101142,71151.84976938469,303500.0,0.9766616230975756,0.5396493761518926
280,046890,서울반도체,10000.0,33150.0,18333.809135399675,3991.8141864384384,18750.0,0.9778031538879827,0.5415189190353277
617,012200,계양전기,1690.0,7510.0,4193.017944535073,1090.6842015142756,4330.0,0.9683644213706867,0.5499728587894824
232,286940,롯데정보통신,17900.0,47600.418567254754,37240.064894717536,5542.33064319224,38000.0,0.9800017077557246,0.5545299406158687
291,016580,환인제약,10350.0,27200.0,17858.523654159868,2974.504373438252,18300.0,0.9758756095169326,0.5589943953764928
352,003030,세아제강지주,19500.0,58900.0,44601.419151199625,8295.110665898867,45850.0,0.9727681385212568,0.5598228512443729
212,267270,현대건설기계,10900.0,104273.4350845674,47101.825268436995,22794.509335554467,50600.0,0.9308661120244466,0.5609844709799134
322,161000,애경유화,4420.0,18950.0,10322.382328654005,3163.538484899391,10900.0,0.9470075530875234,0.5724385443263165
508,200880,서연이화,1835.0,17200.0,8598.898858075041,4155.59360561979,9420.0,0.9128342736810022,0.5783168256540387
124,192820,코스맥스,60700.0,179000.0,117445.9775241741,24832.95474708685,122500.0,0.9587426736667274,0.5806359997284579
449,094820,일진파워,3400.0,9250.0,5469.482055464927,732.6989782570706,5620.0,0.973217447591624,0.5813816915257268
422,243070,휴온스,28490.60819711552,94807.01643519962,52835.113044215774,14419.577831185907,55800.0,0.9468658251651573,0.5814543181121362
128,000060,메리츠화재,8651.46031088083,25154.77720207254,17053.17199435377,3359.6252589580085,17800.0,0.9580433704693129,0.5879578905119686
346,084690,대상홀딩스,3295.0,15050.0,9293.800978792822,2040.0477160163512,9750.0,0.9532103567992638,0.5884741772685077
253,183190,아세아시멘트,41850.0,208000.0,85630.59988878951,26817.00841775064,91700.0,0.9338124306302019,0.5895262620822395
421,091700,파트론,6250.0,18250.0,10325.660685154975,2069.5284910780265,10800.0,0.9560796930699051,0.5906438992600758
385,087010,펩트론,8210.550829057636,29670.07036895061,15355.112264988637,4224.652085652287,16400.0,0.9362873332310144,0.5976739937151829
316,145720,덴티움,26700.0,101000.0,59498.68287740628,17508.300358051,63900.0,0.9311217977684864,0.5992416144281424
367,043370,평화정공,4365.0,15850.0,9960.970636215334,2509.679383530226,10600.0,0.9397142109637108,0.6004939722380543
133,042660,대우조선해양,10129.735399450254,37820.042982489,24967.038916276844,6177.461856322789,26550.0,0.9403781136074141,0.601120253918195
606,052860,아이앤씨,1545.130351698938,6667.790179684091,3827.285981180195,1102.3852471951338,4110.0,0.9312131341071034,0.6012008721527995
392,006040,동원산업,125500.0,337450.2296444922,252101.02560544817,41178.93968899996,263000.0,0.9585590327203353,0.6043695060166168
52,004170,신세계,166000.0,465500.0,254027.73246329528,59198.93516069527,270000.0,0.9408434535677603,0.6063455042527043
214,090460,비에이치,2055.2131098643767,27465.12065000576,16268.637689113604,6644.43436471814,18100.0,0.8988197618294809,0.6085813741354806
81,030000,제일기획,11900.0,29850.0,20210.92985318108,3250.363689536769,21150.0,0.9555995202449682,0.6136757660263369
158,034230,파라다이스,9790.0,27250.0,16912.022838499186,3032.188188570516,17800.0,0.9501136426123138,0.6151817030629882
626,024070,WISCOM,1630.0,4774.509928530034,3336.894152709324,836.6005762529403,3585.0,0.9307933480360736,0.6166004073807301
480,023910,대한약품,22700.0,49450.0,34565.37520391517,5861.168141382405,36350.0,0.9509044072603899,0.6196199467511238
83,006260,LS,24100.0,90100.0,59171.044045677,13877.986887583369,63400.0,0.9332972246952208,0.6197118230991895
54,251270,넷마블,84376.47508383558,197193.2737290429,116761.44287383792,22509.5773695953,124000.0,0.9416245393051446,0.6261133267051426
368,039840,디오,18250.0,58345.52825433169,36104.04671266179,7154.975400551632,38450.0,0.9389869106023871,0.6284977426028212
610,014280,금강공업,1619.895181722607,10156.500620763638,4925.1313437988065,1746.852022580595,5520.0,0.8922339390939866,0.6332741139226044
595,091340,S&K폴리텍,2459.7265284263012,10000.0,4652.239023820725,1406.6542178475509,5150.0,0.9033473832661603,0.6382787139692498
90,120110,코오롱인더,20950.0,85304.17810402522,55912.253985990734,14276.49036092132,61000.0,0.9165943276391924,0.6392191226552538
608,088790,진도,1980.0,7800.0,4770.387438825449,1226.0020611117468,5210.0,0.915621389409875,0.640043129929539
48,010140,삼성중공업,3056.350348,9450.0,6282.745291200575,1533.931188334295,6840.0,0.9185300133334173,0.6418041272292454
317,267260,현대일렉트릭,4653.429250341254,36381.34113848438,16659.095463010246,8331.44770923942,19700.0,0.845639363604581,0.6424409873233954
389,025000,KPX케미칼,36450.0,77800.0,58352.52854812398,7780.648268542678,61200.0,0.9534726886948363,0.6428056748701888
523,003560,IHQ,970.0,3018.372997825402,1940.577987134588,348.6514459261446,2070.0,0.9374772884708155,0.644758486286233
415,006390,한일현대시멘트,16250.0,74222.1035366491,35628.76850851346,10334.324169247619,39500.0,0.9019941394560369,0.6460207852362216
494,004710,한솔테크닉스,3695.0,16009.23751563304,8975.599405527246,2833.699349677476,10050.0,0.8930944682116663,0.6477122174531591
80,005387,현대차2우B,46350.0,124742.26137426669,92055.19908522576,15683.658392586722,98300.0,0.9364720151091125,0.654748469179377
472,091810,티웨이항공,874.9478342205588,5045.319627987164,2438.75583749533,952.9307885433329,2820.0,0.864807034572812,0.655449507255268
225,192400,쿠쿠홀딩스,64351.849218488685,184000.0,113357.726443982,28667.669630278582,125000.0,0.906861811551856,0.6576697033499673
7,017670,SK텔레콤,165500.0,289500.0,240430.66884176183,21055.536028081464,249000.0,0.9655850154287624,0.6579912618241153
218,089590,제주항공,8215.175554352945,34914.49610600002,21313.402756578995,5584.543212096157,23800.0,0.8955211242260082,0.6719355869395907
444,002150,도화엔지니어링,4385.0,14950.0,7161.598694942903,2191.5446917563977,8150.0,0.878723766250663,0.6740076343112494
528,010960,삼호개발,3010.0,7600.0,4475.73409461664,701.7112548299161,4795.0,0.9334169123288091,0.675438862285082
207,039130,하나투어,27800.0,103751.76400198434,59647.888161839146,17186.205659138446,67600.0,0.8823652094946619,0.6782114271096229
47,008770,호텔신라,42800.0,132000.0,77726.46818923327,17929.296595630552,86200.0,0.9016991669284603,0.6817536188823811
406,072870,메가스터디,5727.471002962094,20046.14851036733,11426.027305411013,1520.0547095158045,12200.0,0.936559615197624,0.6946849496088559
9,105560,KB금융,26050.0,68980.05078450646,46207.28080936987,9202.293257562511,51000.0,0.9060251139092131,0.698753189181865
121,294870,HDC현대산업개발,8400.0,50400.0,25447.712895377128,7109.116962167517,29200.0,0.8714970169649702,0.7011855677620199
241,00680K,미래에셋대우2우B,2305.0,4960.0,4059.2751677852348,467.33531483587603,4310.0,0.9418271851009825,0.7041930649727048
404,033240,자화전자,4430.0,29200.0,14764.718597063622,4637.014013518189,17300.0,0.853451942026799,0.7077243057064261
471,028100,동아지질,7790.0,27550.0,14962.895595432301,4224.635486812765,17300.0,0.8649072598515781,0.7099396880463693
434,079980,휴비스,3180.0,13650.0,7879.290375203916,1476.1205588246642,8730.0,0.9025533075834955,0.7177986750741929
22,086790,하나금융지주,18450.0,54716.4172520238,36544.96228557149,7518.958094959401,40950.0,0.8924288714425272,0.7210143478063484
161,001120,LG상사,6650.0,39650.0,23672.68352365416,7834.0522874054,28300.0,0.8364905838747053,0.7226282318719512
599,011330,유니켐,920.0291892008165,2366.209586961311,1411.265158664411,311.1318866807621,1605.0,0.8792929337472966,0.7332517812283053
496,007810,코리아써키트,4205.0,19800.0,10404.641109298533,3739.1607911552464,12750.0,0.8160502830822378,0.7347497093216764
383,035600,KG이니시스,10239.801701407023,25950.0,16326.187322968452,4006.7280213713466,18850.0,0.8661107333139763,0.7356179274838721
285,003230,삼양식품,23550.0,137000.0,73748.36867862969,26650.605564010268,90600.0,0.8139996542895109,0.7364101258262966
593,071280,로체시스템즈,2317.323174302164,10600.0,5242.5355698956555,1597.2600867429637,6260.0,0.8374657459897213,0.7379395672364314
433,015230,대창단조,3580.0,9547.73218611218,6391.140571745215,1096.356092097312,7090.0,0.9014302639979147,0.7380803254518208
579,012030,DB,476.0,1192.8151661676764,798.004385673329,108.94619090724764,871.0,0.9161933245388393,0.74857598021826
132,056190,에스에프에이,19425.0,47750.0,36528.62969004894,5381.103850636041,40200.0,0.9086723803494761,0.7524661498330019
69,000120,CJ대한통운,118500.0,228500.0,164903.34420880914,21992.146952552135,180000.0,0.9161296900489396,0.7537874079889005
358,090350,노루페인트,4490.0,13700.0,8660.195758564438,1358.6470320011997,9600.0,0.9021037248504623,0.7554436195565519
144,069260,휴켐스,12250.0,32150.0,22517.495921696573,3217.6207729872185,24750.0,0.9097978150180434,0.7561077560377492
45,006800,미래에셋대우,3435.0788432336535,12061.137718955308,8083.056822835255,2136.948887380531,9590.0,0.8428630680745834,0.7596522789507327
114,010060,OCI,26600.0,186500.0,91536.13376835236,29613.679468318278,113000.0,0.8100542811358616,0.7657112993765416
464,029960,코엔텍,2355.0,13000.0,6635.925774877651,2924.2383657616315,8780.0,0.7558002021500742,0.7682841346057641
321,192440,슈피겐코리아,28200.0,83500.0,54811.337683523656,9774.795677438617,62100.0,0.8826302364496563,0.7720632203440558
71,241560,두산밥캣,13700.0,40400.0,32859.05253283302,4047.7304999288936,35900.0,0.9152939424187471,0.7737555770123914
189,025540,한국단자,20950.0,97900.0,58961.623164763456,17175.765719672094,71900.0,0.8200503917213277,0.7743629410316399
521,204620,글로벌텍스프리,1373.4519826140843,4352.309166824642,2771.6804671335435,524.5625287238404,3170.0,0.8743471505153134,0.7761743889482307
115,047040,대우건설,2275.0,8190.0,5339.090538336052,1225.947583841467,6270.0,0.8515295914411567,0.7761750177461215
197,009450,경동나비엔,24814.679526899836,65454.56977095466,44612.11698546466,8387.301709373085,51000.0,0.874747391871856,0.7768546710490404
243,192080,더블유게임즈,28384.512113580004,81700.0,53902.97129119934,12391.456533082655,63700.0,0.8462004912276192,0.7854193595195471
226,001630,종근당홀딩스,55800.0,139000.0,84852.6153709377,20629.5271907534,101500.0,0.8359863583343615,0.7901577682178085
437,001720,신영증권,39600.0,62600.0,54118.800978792824,4795.9816630378145,58000.0,0.933082775496428,0.7908173693220815
154,138040,메리츠금융지주,6278.171480084357,18445.644226075452,13003.65100536996,2264.5362233533215,14850.0,0.8756667343683475,0.7925588702934228
476,235980,메드팩토,15339.793041638472,130256.587716137,67957.03655184049,35627.13354016953,97200.0,0.6991464665827211,0.7941215976032723
341,052710,아모텍,14550.0,51000.0,27371.247960848286,8325.33943614533,34250.0,0.7991605244043295,0.7956668223984504
65,271560,오리온,78500.0,158000.0,114265.3096640456,17774.562147186345,129000.0,0.8857775942949272,0.7964410841053984
604,032940,원익,1920.0,8970.552848504636,4373.307403744745,1085.649356505394,5290.0,0.8267121746209348,0.8007693925114476
143,005385,현대차우,40400.0,124500.0,86478.5404875084,15986.594773142202,100000.0,0.864785404875084,0.8011677963121029
290,030520,한글과컴퓨터,6411.375951463055,21058.90408672865,14688.841750668684,2847.9406180097703,17100.0,0.8589965936063558,0.8013999216829625
127,353200,대덕전자,6941.710537432266,19968.628072264713,11202.60623920686,3397.984266662249,14100.0,0.7945110807948127,0.8030816513450785
5,005490,POSCO,138000.0,395000.0,260835.64437194128,52919.40065019901,306000.0,0.8524040665749715,0.8032966333608559
376,014820,동원시스템즈,13200.0,76698.1190436868,41422.60635127821,14002.224173593257,53400.0,0.7757042387879816,0.803832975948285
573,004960,한신공영,9600.0,26000.0,16710.699569597222,2712.363971390215,19050.0,0.8772020771442112,0.8057822752090217
163,003000,부광약품,11960.11844323708,41550.0,18894.272417020387,5923.649306171654,24050.0,0.7856246327243405,0.8079490807216596
477,067170,오텍,4336.179999421763,19250.0,10898.0003874334,2574.1645741877105,13150.0,0.8287452766109049,0.8091713625860812
192,281820,케이씨텍,8644.590106318052,42418.92004604067,21518.52552775386,6886.100573503526,27550.0,0.7810717069965103,0.8094553913460487
26,009540,한국조선해양,66300.0,131500.0,103140.68181818182,16310.964616853375,117500.0,0.8777930367504836,0.8106644769585837
427,033290,코웰패션,2786.6666663276847,8538.700066035984,5108.200382417412,1208.8689692748346,6180.0,0.826569641167866,0.8123565039747835
423,126700,하이비젼시스템,5440.0,21900.0,11333.572593800978,3117.674008961554,14100.0,0.803799474737658,0.8125512462943739
490,082920,비츠로셀,7360.422673557437,19900.0,12197.26209109314,3155.1523111028323,15000.0,0.813150806072876,0.8128116731300912
176,284740,쿠쿠홈시스,27150.0,53900.0,39985.82375478927,4511.614401296093,44050.0,0.9077372021518564,0.8161593843310873
113,004000,롯데정밀화학,23900.0,76800.0,45954.03752039152,11491.587962035677,56400.0,0.8147878992977219,0.8183274410021963
426,058430,포스코강판,8460.0,42850.0,22443.9396411093,6673.472264001301,28600.0,0.784753134304521,0.821857576626329
221,218410,RFHIC,7042.215968511742,48650.0,29262.917827881953,9762.977355883026,38300.0,0.764044851902923,0.8226855756177112
514,011280,태림포장,2135.0,8700.0,3890.5016313213705,1270.1457305097044,5070.0,0.7673573237320257,0.8234601652596767
14,096770,SK이노베이션,57300.0,317500.0,171576.99836867864,35400.2683185265,204500.0,0.8390073269862036,0.8238199577374905
560,002100,경농,5040.0,21900.0,9859.037520391517,4001.618271045166,13600.0,0.7249292294405527,0.825070392957854
581,005389,현대차3우B,40150.0,114000.0,81491.47779951345,13482.007727622518,94200.0,0.8650899978716927,0.8270644737115966
401,003300,한일홀딩스,5457.629942691123,13947.413181249996,9992.49548809262,1635.208691904531,11550.0,0.8651511245101835,0.829573343114352
305,001230,동국제강,2780.0,15750.0,8604.494035936026,2554.2145516329947,11050.0,0.7786872430711336,0.8308272713502973
87,031430,신세계인터내셔날,56100.0,330000.0,143526.7536704731,67735.86987210168,209000.0,0.6867308788060913,0.8331270764646139
605,094850,참좋은여행,3140.0,13900.0,8449.08878504673,2664.7185294568735,11050.0,0.7646234194612425,0.83548133668357
281,001820,삼화콘덴서,8100.0,107500.0,43698.9722675367,23437.6525345577,66600.0,0.6561407247377883,0.835741205126463
509,096240,청담러닝,10730.79610764286,29009.089956068015,18707.720928616633,3398.9964213188705,22100.0,0.8465032094396666,0.8408660729696893
230,253450,스튜디오드래곤,50485.37003557318,111945.83157872634,80873.79952448596,13191.709187322005,94100.0,0.8594452659350261,0.8419765801423806
137,005250,녹십자홀딩스,14900.0,53600.0,29158.809135399675,7344.402275526951,36650.0,0.7956018863683404,0.846132558411283
547,210540,디와이파워,4630.0,27000.0,13225.244698205546,5147.733987433697,18500.0,0.7148780917948944,0.8472417633625244
505,290650,엘앤씨바이오,5418.026624116058,51866.666666666664,18997.02404102494,13751.783426831851,33250.0,0.5713390689030057,0.8500028560238031
217,018670,SK가스,48728.46537968011,128726.82130613232,90734.10531231943,14166.633062927036,105500.0,0.8600389129129804,0.8513639072291396
596,058610,에스피지,3440.705357131102,13154.194517990518,6936.260725402031,1960.0511388356385,9000.0,0.7706956361557813,0.8538067542077263
292,300720,한일시멘트,30999.808262998482,219512.9605117068,95059.72414452794,35449.498589073475,132500.0,0.7174318803360599,0.8545520100439097
467,095720,웅진씽크빅,750.8357105911006,4271.221108152967,2544.461304445774,642.3671416792901,3225.0,0.7889802494405501,0.8552964708859688
364,089470,HDC현대EP,2005.0,7550.0,5069.233473980309,991.1976730719592,6120.0,0.8283061231993969,0.855449957973611
51,016360,삼성증권,20800.0,45000.0,34046.89053041464,4179.268069948456,38500.0,0.8843348189718088,0.8566805125695829
186,064350,현대로템,6892.37855759545,31580.33339101644,15996.729629355119,3786.5851561896593,20050.0,0.7978418767758164,0.8577868628195005
543,194370,제이에스코퍼레이션,5170.0,24646.405175139837,14011.980079270237,4214.881090362079,18600.0,0.7533322623263569,0.861819159560455
210,093370,후성,4355.239994206042,13600.0,8698.625389983265,1698.7887733534399,10550.0,0.824514254974717,0.8621038605128815
602,131370,알서포트,1655.0,19950.0,4169.115008156607,3768.528978942536,8310.0,0.5016985569382199,0.8640738112455254
142,020000,한섬,16750.0,48600.0,34195.758564437194,5091.516589309349,39850.0,0.85811188367471,0.8666129338988504
268,096530,씨젠,14750.0,312200.0,60359.13539967374,67179.80553394291,135100.0,0.44677376313600103,0.8670490379487266
520,001790,대한제당,13009.19459805491,28728.63807070459,21884.69868891253,2733.272449882695,25000.0,0.8753879475565012,0.8728088844056292
99,011210,현대위아,20450.0,110500.0,57318.433931484506,18818.319849380565,78800.0,0.7273912935467577,0.8731740604190117
485,264450,유비쿼스,7451.602603080744,28037.111351818996,16736.628678000336,4874.483906365795,22350.0,0.748842446442968,0.8752537024463583
553,001780,알루코,1012.0776958911157,7137.7598602756925,3418.916051336792,1099.0469402030647,4700.0,0.7274289470929345,0.8781183064376741
298,095700,제넥신,26018.282537620653,179201.21240419394,62178.381342593864,30317.097717722234,97700.0,0.6364215081125267,0.8793351131180123
323,081000,일진다이아,5661.628056797959,67400.0,22528.22867898167,14921.024717388818,40300.0,0.5590131185851531,0.8831841374913848
324,115180,큐리언트,12728.275398144351,47644.6129054618,25906.724179268625,6621.851186017712,33800.0,0.7664711295641605,0.8833702420935294
27,003550,LG,46250.0,115500.0,74005.91353996737,9916.799172002258,85900.0,0.8615356640275595,0.8848113763653881
315,068240,다원시스,9022.413722199788,23683.724361668075,14991.185984033718,3232.1344947408647,18900.0,0.7931844435996677,0.8867377062060138
403,016590,신대양제지,19731.295725178185,104000.0,51393.04252000458,22174.39888322329,78500.0,0.6546884397452812,0.8892300867571459
538,015890,태경산업,3300.0,8990.0,5430.97471451876,675.6954755558551,6260.0,0.86756784576977,0.8900739457586639
545,030210,KTB투자증권,1505.0,6900.0,3259.3964110929855,902.4889408985863,4370.0,0.7458573023096077,0.8907638921279948
366,125210,아모그린텍,6760.0,16800.0,12075.967413441955,2211.6821631447597,14800.0,0.8159437441514834,0.8909612765348154
286,278280,천보,38400.0,205900.0,99866.71554446564,46645.506542407355,157600.0,0.633672052947117,0.8920869010748367
511,096775,SK이노베이션우,43300.0,232500.0,116170.43230016313,26665.610975766584,149500.0,0.7770597478271781,0.8943334710858553
303,035510,신세계 I&C,63200.0,187500.0,109822.92006525285,28908.662157062136,146000.0,0.7522117812688551,0.8946106315047698
3,012330,현대모비스,129356.00061751335,361996.2497900955,242688.08802301576,32129.55532884966,283000.0,0.8575550813534126,0.8952002733547937
117,047050,포스코인터내셔널,8700.0,23600.0,16546.09756097561,2709.271667452198,19950.0,0.8293783238584266,0.8955127379758332
122,185750,종근당,58400.72718606762,248655.62472371367,102655.12992149504,30428.526780286662,141000.0,0.7280505668191137,0.8961945177358949
456,040910,아이씨디,5832.5587283593895,19500.0,12606.695296603828,2993.852948030481,16400.0,0.7687009327197456,0.8974279096839204
237,247540,에코프로비엠,44121.442393181016,197500.0,96684.65382859042,47370.59915563788,156800.0,0.6166113126823369,0.8977872071298667
266,017810,풀무원,7294.333771093845,21083.62226987399,13206.311146568849,2906.358071987867,16900.0,0.7814385293827721,0.8981177876086777
561,017890,한국알콜,5910.0,19800.0,9554.828711256117,2624.4997679292537,12900.0,0.7406843962214045,0.8987734840016888
209,210980,SK디앤디,15794.729313554111,53100.0,28850.845860704478,5942.293208915944,36450.0,0.7915184049575988,0.8995206863254019
165,042670,두산인프라코어,2436.644325370348,11045.252607229924,7536.391416362142,1572.9096359154535,9550.0,0.789150933650486,0.8997592067840763
397,053580,웹케시,25144.357496057975,80900.0,54979.092973269115,13185.07923536028,72100.0,0.7625394309746063,0.9029432749821551
320,097955,CJ제일제당 우,69700.0,231500.0,149312.23491027733,31613.092824649,190500.0,0.7837912593715345,0.9036905063871667
468,138080,오이솔루션,4802.2121884264025,68500.0,22718.169856280252,18963.20212743136,47450.0,0.47878124038525294,0.9039174971429511
194,285130,SK케미칼,40200.0,462500.0,137627.55783904076,98828.72007102847,267000.0,0.5154590181237482,0.9047425028635949
95,111770,영원무역,17550.0,49400.0,33428.38499184339,4751.074396410954,39650.0,0.8430866328333768,0.9048204410403499
171,180640,한진칼,12026.02246508267,97780.04290320155,31491.861960038867,20606.307878569078,58500.0,0.5383224266673311,0.9050159225343117
534,228670,레이,24750.0,62500.0,43451.375,8168.1846183392045,54200.0,0.8016858856088561,0.9058984735841114
493,317330,덕산테코피아,7900.0,22250.0,16390.9900990099,2567.5197810736445,19800.0,0.8278277827782778,0.9078687127417999
72,012450,한화에어로스페이스,15275.528342879716,44600.0,31162.493356183993,5920.184700702546,39250.0,0.7939488753167896,0.914044682134308
395,000250,삼천당제약,7853.856979614539,88600.0,31212.211582153257,17081.03371679272,54600.0,0.5716522267793637,0.914535614907527
328,039200,오스코텍,4885.335545121573,67839.91910174138,19307.67704654052,12301.474386847289,36200.0,0.5333612443795724,0.9151541310515633
442,095660,네오위즈,10343.967952028434,32374.63046524284,16889.68755903371,4844.118125246487,23600.0,0.7156647270776997,0.9170119124879896
10,068270,셀트리온,76075.57745823337,403410.57288076624,187985.80969133368,80849.42680555514,300000.0,0.626619365637779,0.9170450993079815
123,032500,케이엠더블유,2745.268104677639,86600.0,27519.50544951506,27552.091394410156,66100.0,0.4163313986310902,0.9192844523389154
566,248170,샘표식품,18550.0,63200.0,36806.77622347135,7248.6011090263155,47050.0,0.7822906742501882,0.9211914121754016
50,071050,한국금융지주,32000.0,98100.0,64110.032626427404,14674.394514469128,85100.0,0.7533493845643643,0.9236960752865156
597,130580,나이스디앤비,4975.0,13100.0,7703.662316476346,1646.1922932285024,10100.0,0.7627388432154798,0.927260162250711
524,005960,동부건설,3497.8927357375387,15548.391656592785,9048.673329003572,2561.5097648617334,12800.0,0.706927603828404,0.9284710750527563
252,095610,테스,7039.554707640433,43499.764414874655,23014.09766186525,6969.343373099556,33250.0,0.6921533131388045,0.9290434510218587
223,035900,JYP Ent.,4449.879886725518,43250.0,19652.439976367183,11178.473316397014,36150.0,0.5436359606187325,0.9300056378606703
25,207940,삼성바이오로직스,142000.0,880000.0,432743.8330170778,191667.24968303402,716000.0,0.6043908282361422,0.9302765383347218
500,121600,나노신소재,7600.0,48650.0,18775.921696574223,7018.955164321933,29150.0,0.6441139518550334,0.9302973039050855
301,007690,국도화학,33400.0,71100.0,51763.09135399674,7927.381500605192,63500.0,0.8151667929763265,0.9306371392780898
233,006120,SK디스커버리,15650.0,81300.0,35784.85878662888,16095.276019590807,59800.0,0.5984090098098475,0.932158484389668
436,039560,다산네트웍스,3156.075985945653,14791.26453388463,6297.041483193672,2745.8338906749177,10400.0,0.6054847579993916,0.9324446762313374
572,065680,우주일렉트로,7200.0,41350.0,15218.1647634584,7585.513162290328,26600.0,0.5721114572728722,0.9332536556975256
40,086280,현대글로비스,73300.0,227500.0,149893.14845024468,25009.49929644256,187500.0,0.7994301250679716,0.9336710327901024
445,005950,이수화학,2978.3565298198714,15593.201305840059,8118.978410703402,2339.1300588585286,11650.0,0.6969080180861289,0.9344201906850081
529,243840,신흥에스이씨,17746.26281103594,51744.60902850153,35523.86950739338,7468.458290091287,46800.0,0.7590570407562688,0.9344570763902226
565,114810,아이원스,1841.1714753622432,10473.68279336525,5587.101829636787,2026.6760342859532,8650.0,0.6459077259695708,0.934642894807806
135,078340,컴투스,71100.0,191500.0,121722.67536704731,24818.83566518268,159300.0,0.7641097009858588,0.9349952931634151
198,082270,젬백스,7805.060992596585,39615.12956492985,15500.654947892515,6750.370548233683,25750.0,0.6019671824424278,0.9355354110635812
215,008490,서흥,22950.0,59700.0,37707.78955954323,8746.221953329514,51000.0,0.7393684227361417,0.9357150969322662
416,136540,윈스,8693.434915035281,22459.415945794015,13064.50508374841,2449.4554209761336,16800.0,0.7776491121278816,0.9363742899611984
126,003410,쌍용양회,2309.113430101495,7720.0,4654.604291740693,1504.9505755723903,6950.0,0.6697272362216824,0.9363991250049783
164,012510,더존비즈온,18814.62070373047,123960.91244905753,55610.273776288355,29184.220697031607,100500.0,0.5533360574755061,0.9379941003423808
282,092040,아미코젠,11745.41362230939,47900.0,27672.234786997564,7133.1135749646355,38650.0,0.7159698521862241,0.9380961991557693
155,241590,화승엔터프라이즈,5299.232733235793,18147.372473250874,11462.141832992638,3090.230155778177,16250.0,0.7053625743380085,0.9393515885059275
554,000490,대동공업,2945.0,10900.0,6898.992659053833,1221.8133331939687,8800.0,0.7839764385288447,0.9401328930203253
487,039440,에스티아이,6433.5755022109915,26572.337965887556,14078.130284280678,4284.221670822352,20750.0,0.6784641100858159,0.9403017832906629
607,002710,TCC스틸,1053.9831521739131,5760.0,2924.5565125471094,1065.5923862416573,4585.0,0.6378531106972976,0.9404112395804383
592,066620,국보디자인,9920.0,28750.0,17350.42414355628,2796.3441409542684,21800.0,0.7958910157594624,0.9442190434294387
274,272450,진에어,3613.3333333333335,22900.0,12960.359355638166,4798.853365739868,20600.0,0.6291436580406876,0.9443045125906748
503,033530,세종공업,1824.0716774664972,11450.0,5961.413257084705,1789.0927381256326,8810.0,0.6766643878643253,0.944329691858813
530,092440,기신정기,2360.0,6160.0,4260.97471451876,782.0780848410815,5510.0,0.7733166451032233,0.9448737847617403
75,010620,현대미포조선,20500.0,66100.0,43576.41870599174,9240.004559583122,58400.0,0.74617155318479,0.9456741454918203
382,073490,이노와이어리스,7162.8623130327605,66900.0,24170.229074754807,16597.591121907986,50800.0,0.4757919109203702,0.9456909976350112
12,051900,LG생활건강,741000.0,1680000.0,1192799.3474714519,216696.4935524828,1541000.0,0.7740424058867306,0.9459573193553035
510,026890,디피씨,3195.0,20300.0,6267.251223491027,3535.5931276930523,11950.0,0.5244561693297931,0.9460054009820166
238,003090,대웅,6480.0,77700.0,18116.13355317395,9166.615815926962,32850.0,0.5514804734603942,0.946010076149315
450,009160,SIMPAC,1551.3852838220598,3895.0,2425.027080369617,424.32266484895996,3110.0,0.7797514727876582,0.9467659643122983
308,104700,한국철강,2750.0,10500.0,6573.679476696648,1563.5947666829845,9100.0,0.7223823600765547,0.946921819646665
620,119650,KC코트렐,2685.0,12150.0,5902.875517630819,1712.6275454708118,8690.0,0.6792722114649964,0.9481735681474995
465,009680,모토닉,5030.0,15550.0,9782.145187601958,1571.6467012650235,12350.0,0.7920765334090655,0.9488561509628375
307,319660,피에스케이,11732.138939195476,42750.0,24727.70611570554,8122.178797410601,38050.0,0.6498740109252441,0.9495219955025482
357,008730,율촌화학,11000.0,28850.0,14965.048939641109,2789.298770346414,19550.0,0.7654756490865017,0.9498875997587459
455,194700,노바렉스,14300.0,44750.0,27493.459552495697,8811.22179737778,42000.0,0.6546061798213261,0.9501563047859267
185,036420,제이콘텐트리,19519.789422944825,58966.133106167195,35498.54691450001,8666.48569723726,49850.0,0.7121072600702109,0.951136201997209
313,098460,고영,38679.024774030586,145500.0,79587.89675551729,22519.684276316835,116900.0,0.680820331527094,0.9512267332688302
551,063170,서울옥션,2930.0,22250.0,8982.434747145187,3706.6089411586654,15150.0,0.5928999833099133,0.9519375302220815
332,029460,케이씨,9420.0,30400.0,18692.728395061727,4930.063630878199,27000.0,0.6923232738911751,0.9540079524320235
412,050890,쏠리드,905.3508625773508,13500.0,4127.023989960098,2954.299438912485,9110.0,0.4530212941778374,0.9541681437516611
515,046440,KG모빌리언스,3145.0,13800.0,6373.075238409906,1997.1674084952986,9750.0,0.653648742401016,0.9545679540600256
276,122870,와이지엔터테인먼트,19212.285354606574,58402.05146685604,33116.54965698075,7886.021932902737,46550.0,0.7114188970350322,0.9557581307426668
614,100030,모바일리더,8490.0,38100.0,15160.269168026101,6097.649424074657,25550.0,0.5933569145998474,0.9557992867719289
457,001500,현대차증권,4969.725707064673,15231.379377251256,9769.938932479068,1445.8364538714018,12250.0,0.7975460353044137,0.9568560085834541
62,006360,GS건설,14100.59317914517,50041.977264753004,29506.793010610316,7350.6088957333595,42250.0,0.6983856333872264,0.9585077714470875
178,006650,대한유화,61500.0,393500.0,204877.16150081565,67654.23558257736,322500.0,0.635278020157568,0.9589463658713365
355,182400,엔케이맥스,3616.172779807631,24210.057879284894,10228.27173887983,4962.380327453076,18900.0,0.5411783988825307,0.9597241299017494
156,026960,동서,14550.0,42500.0,24834.05383360522,5951.38987385039,35300.0,0.7035142729066635,0.9606748634764047
439,123040,엠에스오토텍,1087.070502422251,11006.329098651306,3624.9845703709634,2058.310271363515,7270.0,0.49862236181168684,0.9617094659825419
377,060720,KH바텍,5460.348633683258,25420.787294769267,12652.679383934927,5142.085520064428,21800.0,0.5803981368777489,0.9623729522889356
479,119860,다나와,3546.8457620302593,37400.0,17874.484067665784,8779.331743277478,33500.0,0.5335666885870384,0.9624462226890356
420,02826K,삼성물산우B,53100.48942347574,143000.0,85762.3651475959,15537.565044442761,113500.0,0.7556155519611975,0.9628854219626368
334,251370,와이엠티,6239.094433973758,25350.0,13473.829095135723,3869.672934731696,20400.0,0.660481818389006,0.9632617503222471
152,091990,셀트리온헬스케어,35702.24147950405,176712.21758536235,79713.82102613657,28919.886182448838,131500.0,0.6061887530504683,0.9633274396216143
391,108380,대양전기공업,8370.0,18900.0,13061.590538336051,1496.4323827978044,15750.0,0.8293073357673684,0.9637961301704554
227,104830,원익머트리얼즈,14175.0,43098.39784263959,29486.9614698661,5269.969336797981,39000.0,0.7560759351247718,0.9644737017214453
234,002320,한진,16062.204170454335,51100.0,28697.60696343316,8073.710160865155,43300.0,0.6627622855296342,0.9647461196186841
101,020150,일진머티리얼즈,9648.92524717889,81000.0,35551.84322486111,14866.91410219543,62500.0,0.5688294915977778,0.9650552465562344
535,005070,코스모신소재,1306.7342770685073,22650.0,8918.1972887576,5225.407258546668,18400.0,0.4846846352585652,0.9652040420921144
174,039030,이오테크닉스,38029.463892755826,126200.0,83065.25436429662,19247.79343845783,118100.0,0.7033467770050518,0.9656353755145056
556,101490,에스앤에스텍,2506.999969512546,47747.99941933987,12067.282288425418,12301.59879032964,34600.0,0.3487653840585381,0.9665012037871082
552,270870,뉴트리,11001.341171905793,32007.122462917625,20094.77406106304,5172.996143590255,29650.0,0.6777326833410806,0.9676362634144289
278,086390,유니테스트,6472.45452686333,29200.0,14137.467078519694,4569.380966972745,22650.0,0.6241707319434744,0.9687654209789213
390,033270,유나이티드제약,11240.997131270506,100500.0,26395.555022674846,12962.53405950484,50600.0,0.5216512850330998,0.9690674830271918
53,000100,유한양행,29226.530137163416,75672.93748432162,44089.24824879218,9032.944556340033,61000.0,0.7227745614556095,0.9694049644127942
159,005850,에스엘,9168.244401723974,28500.0,15509.27067444779,3937.320739959541,22900.0,0.6772607281418248,0.9697475366901424
348,035150,백산,3790.0,11000.0,7069.278140293638,1487.405462241361,9870.0,0.7162389199892237,0.9701469629399321
299,298040,효성중공업,8750.0,87600.0,41542.38310708899,16854.75333614205,73300.0,0.566744653575566,0.9702305976241287
193,010780,아이에스동서,16250.0,59095.01634145077,37916.77754503909,8467.526315399977,53900.0,0.7034652605758644,0.9704595285587557
60,161390,한국타이어앤테크놀로지,15600.0,52400.0,31777.802197802197,6934.925781834628,44950.0,0.7069588920534415,0.971244046090359
489,002170,삼양통상,37100.0,74400.0,52026.30505709625,8143.1846631831295,67500.0,0.7707600749199445,0.9712966852657856
145,023590,다우기술,11800.0,28100.0,21028.344208809136,2569.0532741664215,25950.0,0.8103408172951497,0.9723013388587103
600,241790,오션브릿지,5430.88310539004,22150.0,10918.797935645509,3222.820129342051,17100.0,0.6385261950669888,0.9724412101403326
153,051915,LG화학우,104500.0,499000.0,222408.6645032443,70518.5084874804,359000.0,0.61952274234887,0.973624714672894
447,001390,KG케미칼,7789.490682885796,29095.948535189716,15502.499607476748,5018.906599402757,25250.0,0.6139603804941286,0.9739409010325394
331,003540,대신증권,6690.0,17450.0,12164.127243066885,1665.0975864397299,15400.0,0.7898783924069406,0.9740132523687479
309,033640,네패스,5574.792868374196,47150.0,17751.009064077676,11022.820484464499,39350.0,0.4511056941315801,0.9749716716928608
438,136490,선진,4980.0,21800.0,11559.538187758091,2698.2997047857903,16850.0,0.6860260052081953,0.9750409432270402
102,000080,하이트진로,15300.0,46500.0,25121.41109298532,6720.779865997035,38300.0,0.6559115167881284,0.975053020519352
311,230360,에코마케팅,2449.7295179875537,31084.863321630437,11373.340372301473,7717.925197534273,26600.0,0.4275691869286268,0.9757462633363915
567,093320,케이아이엔엑스,12400.0,95000.0,32476.0603588907,22363.00616628025,76600.0,0.4239694563823851,0.9757566214846136
222,067160,아프리카TV,15420.095183312545,85400.0,42358.55519029187,18834.662961492555,79600.0,0.5321426531443701,0.9759951327008294
216,112040,위메이드,14050.0,60000.0,33947.93559042114,9567.651889405244,52900.0,0.6417379128624034,0.9761958407392551
288,089030,테크윙,8127.97223778711,25109.560907859806,14279.186199577825,3740.3070974757666,21700.0,0.6580270138054297,0.9763727434659372
466,086520,에코프로,7543.191751940941,69900.0,28160.89308344221,13514.221248592225,55000.0,0.5120162378807674,0.9764827773432128
478,003530,한화투자증권,903.3041175794062,3162.751423476659,1980.5000537079068,461.8544426821617,2900.0,0.6829310530027265,0.9767533370499432
539,120030,조선선재,59500.0,148500.0,83435.3181076672,14086.704709483844,111500.0,0.7482988171091229,0.9768299125614539
527,034300,신세계건설,15950.0,59500.0,31806.769983686787,7965.850521951169,47800.0,0.6654135979850793,0.9776636905488816
497,063160,종근당바이오,17206.148429391236,102000.0,28948.994692565317,13982.412011406359,57100.0,0.5069876478557849,0.977959269897459
517,075580,세진중공업,1147.480179933472,7627.368254851902,3066.774210678615,1183.4483803875087,5480.0,0.5596303304158057,0.9792823449130541
269,307950,현대오토에버,21800.0,142500.0,63311.686991869916,28934.155719657036,122500.0,0.5168300978928156,0.9796031571085062
335,183490,엔지켐생명과학,18110.943253364458,159649.89257372144,66029.13189376445,28274.336358928507,123900.0,0.5329227755751772,0.979659324425757
542,045100,한양이엔지,7390.0,20050.0,13077.283849918434,2305.9774774941734,17800.0,0.7346788679729458,0.9797215783074776
446,178320,서진시스템,7500.0,54900.0,23345.069999567113,11737.890084903542,47450.0,0.4919930453017305,0.9799927844744726
77,204320,만도,16950.0,80000.0,41837.57154538021,12142.888076599666,66800.0,0.6263109512781468,0.980095444358534
168,005880,대한해운,1055.0,3860.0,2357.0269212982057,582.0947371926077,3585.0,0.657469155173837,0.9825525526696396
512,226950,올릭스,9502.10815163056,52914.75126730171,26184.739159758334,8935.081151496437,45150.0,0.5799499260190107,0.9831047004409932
365,030610,교보증권,2472.263749708909,8420.0,5522.71271613767,928.9932809162997,7520.0,0.7344032867204349,0.984220337490272
343,200130,콜마비앤에이치,15300.0,71900.0,31374.673735725937,11940.99818476524,57100.0,0.5494688920442371,0.9843944098059013
23,009150,삼성전기,45350.0,217000.0,106020.71778140294,37339.46425474404,186500.0,0.5684756985598013,0.9844324243629877
338,002310,아세아제지,16400.0,50100.0,28555.22022838499,8039.784573747992,45900.0,0.6221180877643789,0.9845115268577795
17,036570,엔씨소프트,217751.753915524,1038000.0,492590.2293495749,203975.54458282932,936000.0,0.5262716125529646,0.9851413446534931
522,071055,한국금융지주우,21200.0,69300.0,38312.15334420881,11168.07051886876,63000.0,0.6081294181620446,0.9864673256077666
61,011070,LG이노텍,71000.0,230000.0,129171.044045677,33596.43059349259,203500.0,0.634747145187602,0.9865306992962343
44,097950,CJ제일제당,155000.0,471000.0,321735.4326240047,47581.40078174072,429000.0,0.7499660434125984,0.9879125487163354
151,007700,F&F,12400.0,151500.0,61670.47308319739,34659.69918879335,140000.0,0.4405033791656956,0.9880881271038204
435,122640,예스티,3719.1062327793766,15050.0,8617.916844907191,2660.0080734710878,14650.0,0.5882537095499789,0.9883260544150805
188,005290,동진쎄미켐,4981.751258701486,37700.0,15566.057393567591,7923.810249115688,33600.0,0.46327551766570213,0.9885745419051082
6,051910,LG화학,206063.51669047165,1028000.0,391529.0221816232,170154.5752487458,784000.0,0.4993992629867643,0.9894601946788443
344,141080,레고켐바이오,9687.341758557177,70906.5466935049,24283.31648584668,14092.344778397648,56800.0,0.42752317756772323,0.9894837485531337
273,086450,동국제약,9500.0,32450.0,15438.540807914262,5611.358597634434,28450.0,0.54265521293196,0.9897962892169242
470,138580,비즈니스온,7576.254803787477,23450.31248791362,13386.802871615602,2975.6140719708314,20300.0,0.6594484173209656,0.989918054706989
618,023800,인지컨트롤스,2435.0,24850.0,6667.112561174551,3323.4305952129025,14400.0,0.46299392785934385,0.9900114760328736
580,044450,KSS해운,4170.0,11550.0,8200.587275693311,1221.503983356717,11050.0,0.7421345950853675,0.9901682751027926
417,143240,사람인에이치알,14119.659317231286,32900.0,21672.27906775573,4266.640973733587,31750.0,0.6825914667009679,0.9909111902203807
294,048530,인트론바이오,7740.955794722769,33918.81122294653,16569.63389876414,5246.782833601397,29000.0,0.5713666861642807,0.9910852623501928
180,032350,롯데관광개발,4272.431972140519,21750.0,10388.173832287279,4109.686390493915,20200.0,0.5142660313013504,0.9915180173782664
613,187870,디바이스이엔지,7035.8605970574745,55500.0,15858.816020274751,10583.184396844757,41150.0,0.3853904257660936,0.9915701188988881
400,084010,대한제강,3680.0,14700.0,8579.094616639479,2339.359679532854,14200.0,0.60416159272109,0.9918639309374847
175,175330,JB금융지주,3375.0,6450.0,5036.972822245805,524.4418423343632,6300.0,0.7995194955945722,0.9919870788364914
208,017960,한국카본,4180.0,14350.0,7413.167214152967,1773.78649842339,11700.0,0.6336040353976895,0.9921705312852195
577,067900,와이엔텍,2600.666853153677,16250.0,6798.000652027302,3619.345794112951,15550.0,0.4371704599374471,0.9921994569086979
425,033500,동성화인텍,4563.756205868485,12450.0,7755.087944182386,1926.4542695995408,12450.0,0.6228986300548102,0.9925966802352887
244,131970,테스나,3545.765573091966,56800.0,16980.367772321584,13395.90807416453,49700.0,0.341657299241883,0.9927072263733435
107,006280,녹십자,98400.0,505000.0,186187.9282218597,72014.1395489076,365000.0,0.510103912936602,0.9934861902214932
374,034020,두산중공업,1623.5345465175078,14699.975711716728,5502.556915723175,2600.634213233911,12050.0,0.45664372744590664,0.9940926859413207
85,039490,키움증권,44712.67955518042,155468.15885185,74753.22341023477,18907.883783536054,122500.0,0.61023039518559,0.9942188889709773
353,054450,텔레칩스,4670.0,21300.0,10245.692824708978,2332.6112960751743,16150.0,0.6344082244401844,0.9943163595852181
110,000990,DB하이텍,10050.0,71300.0,22725.8111780201,12792.49310499809,55200.0,0.41169947786268296,0.9944341133020872
4,005380,현대차,65900.0,267500.0,143937.18577178492,30237.240395080367,221000.0,0.6512994831302485,0.9945922803315286
104,028670,팬오션,2084.9988103979263,6970.0,4552.318767211675,796.895631070581,6600.0,0.6897452677593446,0.9949087983189392
462,089980,상아프론테크,6310.3714389372435,61900.0,17633.122158268,12023.517798640756,48650.0,0.3624485541267832,0.9950554635955559
254,030190,NICE평가정보,6300.0,25250.0,12278.132137030994,4796.2289117124055,24700.0,0.49709036992028316,0.9952001423860368
1,000660,SK하이닉스,25750.0,148500.0,72994.2088091354,23348.53749529988,133500.0,0.5467730996938981,0.9952209168092343
622,086670,비엠티,3855.0,15550.0,7443.022022838499,2022.702996226379,12700.0,0.5860647262077558,0.9953250288082984
356,048260,오스템임플란트,22800.0,89400.0,54083.9722675367,12854.691434712826,88100.0,0.6138929882807798,0.9959298632432679
380,215200,메가스터디교육,6916.979784523586,62000.0,24796.985741004424,13929.096278706242,62000.0,0.3999513829194262,0.9962174219462684
536,003070,코오롱글로벌,5380.0,23450.0,10401.348014740526,3517.280502156434,19800.0,0.5253206068050771,0.9962314956720371
265,215000,골프존,29850.0,92000.0,57125.02040816326,13047.92121601076,92000.0,0.6209241348713398,0.9962393718402731
11,006400,삼성SDI,89300.0,805000.0,247844.94290375203,144580.42624074646,635000.0,0.3903069966988221,0.9962944430237476
482,272550,삼양패키징,11900.0,24950.0,18418.91891891892,2267.471091786918,24500.0,0.7517926089354662,0.9963394935202778
569,036890,진성티이씨,3670.0,14850.0,8451.295910925046,2082.9446579978935,14050.0,0.6015157231975121,0.9964046321656843
540,048910,대원미디어,3935.0,14845.405290713546,8519.250960603089,1893.6923140509307,13650.0,0.6241209494947318,0.9966296367332454
611,016740,두올,1655.0,5410.0,3452.1483162586496,571.8892601415282,5010.0,0.689051560131467,0.9967756072815137
167,058470,리노공업,37750.0,172100.0,67104.40456769984,31270.246224666884,152900.0,0.43887772771549927,0.9969622771972176
388,222800,심텍,3678.571382378738,25500.0,8609.048732448196,5003.579933856178,22500.0,0.3826243881088087,0.9972501031428973
574,092070,디엔에프,5100.0,27150.0,12812.292006525286,3903.098450965321,23650.0,0.5417459622209423,0.9972542529402328
0,005930,삼성전자,29888.14602233711,91000.0,50532.97637049214,10899.290535844428,81000.0,0.623863905808545,0.9974075955543702
181,263750,펄어비스,90162.67264045453,400610.45211399556,201901.4410053768,38175.47250653023,310500.0,0.6502461868128078,0.9977774813721104
429,003555,LG우,34150.0,77900.0,46472.83849918434,7004.666696437591,66400.0,0.6998921460720533,0.9977783186546075
116,036490,SK머티리얼즈,106000.0,357800.0,181052.77324632954,44664.171785474966,309000.0,0.5859313050043027,0.9979126491309206
360,077360,덕산하이메탈,3200.0,14400.0,7516.696574225122,1783.8627477919042,12650.0,0.5942052627845946,0.9979966491099332
583,007860,서연,1555.0,16250.0,7204.778133951313,3096.170695187757,16250.0,0.4433709620893116,0.9982578136712744
624,241520,DSC인베스트먼트,923.0599319665782,5766.3403036079335,2887.8700786878176,838.6250096578415,5350.0,0.5397887997547323,0.9983371611616276
136,003670,포스코케미칼,26060.239711181643,173500.0,58453.54717269304,30465.003835039584,148000.0,0.3949563998154935,0.9983553437105768
251,004490,세방전지,22500.0,129500.0,39023.04241435563,13196.476386591727,78200.0,0.49901588765160654,0.9985049010893526
21,066570,LG전자,41850.0,185000.0,76654.7308319739,23463.193800402463,146500.0,0.5232404834947023,0.9985436370847531
34,005935,삼성전자우,26160.129206122787,81000.0,42682.06754249394,10083.926606650779,72900.0,0.5854878949587646,0.998635151056641
411,036540,SFA반도체,1141.2588071785324,9760.0,2904.965763129733,1665.0351293158235,7920.0,0.3667886064557744,0.9987022045980051
190,357780,솔브레인,87835.00599596379,323600.0,152750.12125462294,48891.8296441842,302100.0,0.5056276771089803,0.9988735717733199
20,035720,카카오,54276.09616725713,513797.4644161713,147846.7899774875,109753.91551439253,492000.0,0.30050160564529976,0.9991427205172674
525,006405,삼성SDI우,46400.0,608000.0,124715.21207177814,100061.43500133514,441000.0,0.28280093440312504,0.999213603707262
70,011790,SKC,26068.21137036579,138000.0,45377.68691683713,20988.54009786621,112500.0,0.40335721703855226,0.9993081885478747
220,066575,LG전자우,14850.0,90000.0,33325.815660685155,11169.813929144279,69500.0,0.4795081390026641,0.999399339778315
183,240810,원익IPS,14000.57239541739,53700.0,27013.49246200353,7779.588653762481,52400.0,0.5155246653054109,0.9994492296975024
2,035420,NAVER,106856.59192359929,403500.0,178900.56632005534,62383.547400047595,387000.0,0.46227536516810164,0.9995747380703528
262,074600,원익QnC,4940.0,24350.0,12863.507340946166,3431.050718869698,24350.0,0.5282754554803354,0.9995927301588673
58,018880,한온시스템,8250.0,18850.0,11520.505709624797,1903.7052349563016,17950.0,0.6418109030431641,0.999634071480623
248,213420,덕산네오룩스,9752.244813538618,48450.0,21379.4289036665,7892.368673118207,48450.0,0.44126788242861714,0.9996981736557113
532,094360,칩스앤미디어,4376.92312232536,17850.0,7959.29601043891,2474.076617819253,16550.0,0.4809242302380006,0.9997419777997846
235,003850,보령제약,6529.930928626247,23572.448196469686,10675.848300261867,3238.404637175365,22000.0,0.48526583183008487,0.9997645894482906
97,014680,한솔케미칼,63973.44897904271,246500.0,94860.58811957636,35900.693835078615,225000.0,0.42160261386478387,0.9998555098794176
312,195870,해성디에스,9630.0,39100.0,16915.051457975987,4450.826006852273,33150.0,0.5102579625332123,0.9998676627231848
19,000270,기아차,21500.0,101500.0,40359.910277324634,11331.225849714998,81800.0,0.4933974361531129,0.9998724866873372
219,112610,씨에스윈드,6312.334711747674,73985.48152405553,17044.133117776317,14277.65856572833,69300.0,0.24594708683659908,0.9998738798466912
516,049070,인탑스,5150.0,36500.0,12770.032626427406,5085.9131621383585,31900.0,0.40031450239584343,0.9999155051322755
229,108320,실리콘웍스,24000.0,76600.0,39738.21370309951,9549.770899613772,76600.0,0.5187756358106985,0.9999432984848783
585,082740,HSD엔진,1537.8256885036442,8240.0,3794.1026895026307,1144.584003107101,8240.0,0.46044935552216393,0.9999486855289377
271,084370,유진테크,9550.0,45400.0,19013.37683523654,6751.100023436974,45400.0,0.4187968465911132,0.9999535630666799
287,166090,하나머티리얼즈,7325.779019969457,39500.0,17849.46030901085,5444.680053235376,39200.0,0.4553433752298686,0.9999559743345485
201,014830,유니드,30000.0,70000.0,46761.2969004894,4752.541407171555,65700.0,0.7117396788506758,0.9999662547223944
544,099320,쎄트렉아이,7553.133134860116,78400.0,21415.635093950186,9502.13563889422,59900.0,0.3575231234382335,0.9999743994233176
240,042700,한미반도체,5487.537105480468,27229.429849775,10560.149970043243,3507.464688200789,24800.0,0.4258124987920663,0.9999754499583471
89,011780,금호석유,43950.0,277000.0,90920.35073409462,33663.35699060456,230500.0,0.39444837628674456,0.9999831082341278
533,183300,코미코,13135.392063847052,69900.0,26538.259603331167,9538.22673143433,69900.0,0.37966036628513833,0.9999972675567211
302,064760,티씨케이,29150.0,192700.0,63103.14029363784,27921.500608902716,192700.0,0.32746829420673507,0.9999982703194086
191,298050,효성첨단소재,44100.0,380000.0,131400.0,50172.92446073478,380000.0,0.34578947368421054,0.9999996380948755
146,298020,효성티앤씨,78200.0,555000.0,175649.47209653092,74810.33639136892,555000.0,0.3164855353090647,0.9999998019581823
195,298000,효성화학,51000.0,316500.0,144306.18401206637,33446.196696824954,316500.0,0.4559437093588195,0.9999998686289014
441,140860,파크시스템스,11186.798481855749,148700.0,37917.18904515019,21502.00779312792,148700.0,0.25499118389475584,0.9999998712811852
64,003490,대한항공,3708.481291768542,26750.0,8184.313117127551,2328.7146004652573,26750.0,0.30595563054682434,0.9999999999999992
