Num,Name,Value,Weight,Share
1,삼성전자,353766.8463,0.271396697,10.62
2,SK하이닉스,70142.14847,0.053810434,10.24
3,NAVER,35411.09443,0.027166068,11.52
4,현대모비스,27138.11712,0.020819349,11.12
5,현대차,26905.12914,0.020640609,10.45
6,POSCO,24334.97968,0.018668887,11.8
7,LG화학,22311.79498,0.017116775,9.95
8,SK텔레콤,21395.37176,0.016413729,11.13
9,신한지주,20341.39014,0.015605154,9.9
10,KB금융,19759.50343,0.015158752,9.97
11,셀트리온,18823.64343,0.014440795,8.1
12,삼성SDI,17557.81472,0.013469699,10.82
13,LG생활건강,15243.92636,0.01169457,7.74
14,삼성물산,15124.60054,0.011603028,7.35
15,SK이노베이션,14582.1975,0.011186917,10.51
16,KT&G,14491.03725,0.011116982,11.25
17,한국전력,14059.70572,0.010786081,7.88
18,엔씨소프트,13996.80069,0.010737822,11.78
19,SK,13504.48346,0.010360135,7.33
20,기아차,13408.56629,0.010286551,7.47
21,카카오,12171.23604,0.009337317,9.2
22,LG전자,11195.31669,0.008588628,9.49
23,하나금융지주,11015.38357,0.00845059,9.94
24,삼성전기,10887.8125,0.008352723,11.66
25,삼성화재,10752.06879,0.008248585,9.32
26,삼성바이오로직스,9936.97762,0.007623278,3.47
27,한국조선해양,9761.917715,0.007488978,10.9
28,LG,9691.248474,0.007434763,7.61
29,삼성에스디에스,9591.71693,0.007358407,6.37
30,아모레퍼시픽,8989.944,0.006896749,7.69
31,KT,8876.81538,0.006809961,12.59
32,삼성생명,8773.62809,0.006730799,5.89
33,S-Oil,7403.75217,0.005679882,6.9
34,우리금융지주,7232.0113,0.005548129,8.63
35,삼성전자우,6785.383666,0.005205493,1.82
36,롯데케미칼,6766.816,0.005191248,8.81
37,LG유플러스,6642.320084,0.00509574,10.71
38,현대중공업지주,6138.70192,0.004709383,11.15
39,기업은행,6026.00276,0.004622924,8.85
40,고려아연,5962.31225,0.004574063,7.43
41,현대글로비스,5566.86845,0.004270693,10.38
42,웅진코웨이,5540.162215,0.004250205,8.06
43,현대건설,5380.25967,0.004127534,11.42
44,GS,4910.080044,0.00376683,10.24
45,이마트,4775.605575,0.003663666,13.44
46,CJ제일제당,4771.863675,0.003660795,12.55
47,미래에셋대우,4763.61814,0.00365447,9.58
48,LG디스플레이,4597.15425,0.003526765,7.91
49,호텔신라,4559.38126,0.003497787,12.79
50,휠라코리아,4462.71342,0.003423627,13.78
51,삼성중공업,4368.531804,0.003351374,9.54
52,NH투자증권,4278.277448,0.003282134,11.97
53,한국금융지주,4210.95414,0.003230487,10.44
54,삼성증권,4167.87167,0.003197435,12.09
55,대림산업,4039.18333,0.00309871,12.83
56,신세계,4012.61183,0.003078326,14.1
57,유한양행,3834.16638,0.002941429,12.69
58,넷마블,3801.905184,0.00291668,4.8
59,삼성엔지니어링,3770.075904,0.002892261,10.02
60,DB손해보험,3742.908076,0.002871419,10.11
61,현대제철,3668.055329,0.002813995,8.74
62,한온시스템,3606.506637,0.002766777,6.06
63,강원랜드,3567.865896,0.002737133,5.63
64,한국타이어앤테크놀로지,3390.229513,0.002600857,8.16
65,LG이노텍,3344.1352,0.002565495,10.09
66,GS건설,3214.255946,0.002465857,12.92
67,한미약품,3183.50271,0.002442264,9.25
68,대한항공,3132.09927,0.002402829,11.59
69,오리온,3030.796615,0.002325114,7.27
70,한화케미칼,3014.952506,0.002312959,9.9
71,BNK금융지주,2890.594452,0.002217556,11.58
72,KCC,2793.190045,0.002142831,11.33
73,한국가스공사,2758.140477,0.002115942,7.89
74,CJ대한통운,2695.31515,0.002067745,7.62
75,SKC,2625.99051,0.002014562,13.72
76,두산밥캣,2621.381778,0.002011026,7.61
77,한화에어로스페이스,2476.230977,0.001899672,13.7
78,에스원,2457.27313,0.001885128,6.9
79,CJ,2393.568324,0.001836256,8.49
80,현대미포조선,2323.023104,0.001782136,12.63
81,롯데쇼핑,2322.29656,0.001781579,6.06
82,만도,2280.883264,0.001749808,13.8
83,현대백화점,2279.484522,0.001748735,11.72
84,아모레G,2270.711267,0.001742005,3.33
85,현대차2우B,2270.115078,0.001741547,7.84
86,제일기획,2231.76304,0.001712125,8.07
87,한국항공우주,2156.901336,0.001654694,6.5
88,LS,2074.37182,0.00159138,13.48
89,현대해상,2062.207532,0.001582049,8.56
90,키움증권,2033.89779,0.00156033,11.58
91,CJ ENM,2031.602664,0.00155857,5.8
92,신세계인터내셔날,2020.04094,0.0015497,12.89
93,LS산전,1950.055926,0.00149601,11.91
94,현대엘리베이,1906.53986,0.001462626,10.26
95,금호석유,1867.149375,0.001432407,7.91
96,코오롱인더,1840.594283,0.001412035,13.71
97,농심,1836.364205,0.00140879,12.55
98,메리츠종금증권,1834.925468,0.001407686,7.84
99,한전KPS,1809.576032,0.001388239,10.27
100,이노션,1794.61371,0.001376761,12.66
101,한화,1791.55475,0.001374414,9.56
102,영원무역,1780.641403,0.001366042,11.73
103,한올바이오파마,1766.622627,0.001355287,9.32
104,한솔케미칼,1715.28776,0.001315905,14.33
105,GS리테일,1700.320598,0.001304422,5.63
106,현대위아,1629.270116,0.001249915,11.93
107,GKL,1613.942912,0.001238157,13.41
108,일진머티리얼즈,1603.985558,0.001230518,8.14
109,하이트진로,1603.98536,0.001230518,7.89
110,효성,1595.879677,0.001224299,9.57
111,팬오션,1585.594561,0.001216409,6.53
112,현대그린푸드,1477.242686,0.001133285,12.76
113,대웅제약,1453.221,0.001114857,9.12
114,녹십자,1437.186425,0.001102556,9.28
115,롯데지주,1399.359377,0.001073536,3.42
116,삼성카드,1369.992358,0.001051007,3.06
117,DB하이텍,1358.461236,0.001042161,11.09
118,동아에스티,1339.15103,0.001027347,13.33
119,BGF리테일,1324.39842,0.001016029,4.52
120,롯데정밀화학,1298.67654,0.000996296,11.15
121,OCI,1292.792038,0.000991782,8.66
122,대우건설,1291.16889,0.000990536,6.55
123,SK머티리얼즈,1280.98138,0.000982721,6.55
124,포스코인터내셔널,1232.787007,0.000945748,5.36
125,코리안리,1219.733618,0.000935734,11.12
126,현대홈쇼핑,1203.58609,0.000923346,12.46
127,SK네트웍스,1188.471458,0.000911751,8.06
128,HDC현대산업개발,1162.849676,0.000892095,10.32
129,종근당,1143.28953,0.000877089,11.37
130,케이엠더블유,1142.673672,0.000876617,5.62
131,코스맥스,1137.691306,0.000872794,14.17
132,한국콜마,1065.25692,0.000817225,9.85
133,쌍용양회,1062.469832,0.000815087,3.72
134,대덕전자,1051.920931,0.000806994,12.9
135,메리츠화재,1048.622883,0.000804464,5.17
136,롯데칠성,1043.3668,0.000800432,9.32
137,한국테크놀로지그룹,1040.314176,0.00079809,7.77
138,NHN,1023.393368,0.000785109,7.83
139,오뚜기,1018.54562,0.00078139,5.1
140,에스에프에이,995.702375,0.000763866,6
141,대우조선해양,962.196334,0.000738161,3.22
142,대상,951.670496,0.000730086,11.84
143,컴투스,950.215075,0.000728969,6.87
144,포스코케미칼,937.0063675,0.000718836,3.12
145,셀트리온,935.78086,0.000717896,0
146,녹십자홀딩스,934.0561125,0.000716573,8.93
147,풍산,931.586502,0.000714678,13.97
148,태영건설,931.4667695,0.000714586,10.2
149,한화생명,924.566643,0.000709293,4.61
150,동아쏘시오홀딩스,894.585975,0.000686293,13.56
151,한섬,878.6507785,0.000674068,11.31
152,현대차우,878.33934,0.000673829,5.03
153,휴켐스,851.3037855,0.000653088,9.85
154,다우기술,850.08964,0.000652157,9.97
155,효성티앤씨,831.637965,0.000638002,12.44
156,한미사이언스,816.4296985,0.000626334,3.29
157,한세실업,816.080271,0.000626066,11.79
158,한샘,815.741182,0.000625806,5.57
159,에스엠,813.2432615,0.00062389,9.02
160,F&F,803.09712,0.000616106,4.66
161,셀트리온헬스케어,801.98858,0.000615256,1.05
162,LG화학우,799.779,0.000613561,6.01
163,메리츠금융지주,788.861624,0.000605185,4.77
164,화승엔터프라이즈,781.614672,0.000599626,7.62
165,동서,773.73363,0.00059358,4.46
166,두산,761.991542,0.000584571,6.56
167,파라다이스,746.84941,0.000572955,4.16
168,에스엘,743.7507,0.000570578,8.5
169,넥센타이어,743.580068,0.000570447,8.34
170,LG상사,743.110004,0.000570086,12.74
171,DGB금융지주,732.0749112,0.00056162,6.08
172,부광약품,730.242513,0.000560215,8.01
173,더존비즈온,726.37479,0.000557248,3.02
174,두산인프라코어,718.021704,0.000550839,6.22
175,HDC,717.8428075,0.000550702,10.87
176,리노공업,714.473951,0.000548118,7.29
177,대한해운,712.62901,0.000546702,12.68
178,CJ CGV,695.98902,0.000533937,9.52
179,LIG넥스원,690.761148,0.000529926,9.94
180,S&T모티브,690.4402875,0.00052968,11.04
181,한진칼,690.3008,0.000529573,2.92
182,삼성화재우,688.91826,0.000528512,13
183,락앤락,682.6534,0.000523706,8.81
184,이오테크닉스,681.984534,0.000523193,5.36
185,JB금융지주,669.8901843,0.000513915,6.19
186,쿠쿠홈시스,666.870192,0.000511598,6.88
187,한라홀딩스,666.663534,0.000511439,13.87
188,대한유화,659.636775,0.000506049,8.64
189,오리온홀딩스,658.513314,0.000505187,5.91
190,롯데관광개발,653.513003,0.000501351,6.6
191,펄어비스,640.784592,0.000491586,2.66
192,동원F&B,633.77632,0.000486209,7.27
193,원익IPS,623.4211035,0.000478265,3.54
194,LG하우시스,621.611894,0.000476877,12.67
195,제이콘텐트리,607.269669,0.000465875,10.93
196,현대로템,594.530352,0.000456101,4.48
197,LF,589.568175,0.000452295,10.9
198,동진쎄미켐,584.8659475,0.000448687,6.79
199,한국단자,578.67597,0.000443939,13
200,솔브레인,577.32012,0.000442898,3.94
201,효성첨단소재,569.80518,0.000437133,11.46
202,케이씨텍,569.314563,0.000436757,12.29
203,아이에스동서,550.696645,0.000422474,5.41
204,SK케미칼,545.42144,0.000418427,7.26
205,효성화학,538.00529,0.000412738,11.67
206,영풍,529.4289,0.000406158,4.46
207,경동나비엔,517.46038,0.000396976,8.72
208,젬백스,513.523779,0.000393956,3.46
209,삼양홀딩스,506.16021,0.000388307,8.82
210,화승인더,503.534696,0.000386293,7.65
211,SKC코오롱PI,493.8941,0.000378897,4.81
212,유니드,475.75044,0.000364978,11.45
213,세아베스틸,474.9205325,0.000364341,8.68
214,한전기술,470.552648,0.00036099,6.14
215,GS홈쇼핑,464.636536,0.000356452,4.76
216,태광산업,463.591,0.00035565,3.93
217,SBS,450.951696,0.000345953,11.88
218,하나투어,448.191968,0.000343836,7.55
219,한국카본,446.9988051,0.000342921,12.99
220,SK디앤디,444.980031,0.000341372,8.05
221,후성,444.4766767,0.000340986,5.87
222,롯데하이마트,443.7858,0.000340456,6.08
223,현대건설기계,430.558505,0.000330308,7.31
224,빙그레,426.10176,0.000326889,7.72
225,비에이치,422.779389,0.000324341,5.89
226,서흥,420.930955,0.000322922,10.25
227,위메이드,419.105715,0.000321522,8.41
228,SK가스,412.831926,0.000316709,5.34
229,제주항공,412.438064,0.000316407,5.84
230,씨에스윈드,412.2126,0.000316234,6.28
231,LG전자우,411.629884,0.000315787,8.43
232,RFHIC,410.010788,0.000314545,4.69
233,아프리카TV,397.356635,0.000304837,5.02
234,JYP Ent.,394.1055405,0.000302343,4.6
235,한솔제지,391.440674,0.000300299,11.38
236,오렌지라이프,387.117674,0.000296982,1.68
237,쿠쿠홀딩스,384.58875,0.000295042,5.15
238,종근당홀딩스,381.61941,0.000292764,7.54
239,원익머트리얼즈,379.832071,0.000291393,9.93
240,일양약품,369.691916,0.000283614,8.59
241,실리콘웍스,368.565114,0.000282749,5.69
242,스튜디오드래곤,364.609828,0.000279715,1.6
243,메디톡스,355.790178,0.000272949,2.03
244,롯데정보통신,349.342125,0.000268002,5.5
245,SK디스커버리,347.6336545,0.000266692,6.98
246,한진,345.7617,0.000265255,9.62
247,보령제약,345.70413,0.000265211,4.71
248,영원무역홀딩스,344.650244,0.000264403,5.24
249,에코프로비엠,344.62031,0.00026438,3.16
250,대웅,332.749991,0.000255273,4.42
251,롯데푸드,331.32099,0.000254177,7.09
252,한미반도체,328.936302,0.000252348,7.1
253,AJ렌터카,326.672262,0.000250611,12.5
254,미래에셋대우2우B,323.21653,0.00024796,5.63
255,아세아,305.539245,0.000234398,13.47
256,더블유게임즈,305.2659465,0.000234189,3.35
257,테스나,304.45674,0.000233568,8.71
258,NICE,302.719989,0.000232235,3.82
259,매일유업,301.758975,0.000231498,4.47
260,신세계푸드,291.751327,0.000223821,10.72
261,덕산네오룩스,291.689092,0.000223773,4.62
262,SPC삼립,291.6186,0.000223719,3.88
263,와이지-원,289.929816,0.000222423,12.48
264,세방전지,287.016786,0.000220189,5.5
265,테스,285.41575,0.00021896,5.78
266,아세아시멘트,285.04256,0.000218674,9.63
267,NICE평가정보,283.7721555,0.000217699,3.35
268,JW중외제약,282.983992,0.000217095,4.71
269,한국토지신탁,281.654541,0.000216075,5.31
270,현대리바트,279.4506105,0.000214384,10.19
271,영진약품,275.6390013,0.00021146,2.27
272,아이마켓코리아,274.764984,0.000210789,7.35
273,대원제약,271.98368,0.000208656,8
274,AK홀딩스,271.158124,0.000208022,5.92
275,원익QnC,269.012484,0.000206376,6.56
276,롯데제과,268.688875,0.000206128,2.8
277,이녹스첨단소재,268.49082,0.000205976,5.44
278,골프존,267.959679,0.000205569,6.2
279,풀무원,261.7444125,0.000200801,6.11
280,애경산업,257.82088,0.000197791,3.44
281,씨젠,254.707017,0.000195402,3.17
282,현대오토에버,253.483272,0.000194463,2.39
283,AP시스템,253.121904,0.000194186,5.2
284,유진테크,251.822835,0.000193189,6.66
285,삼양사,248.923664,0.000190965,4.78
286,동국제약,248.763636,0.000190842,3.14
287,진에어,248.478273,0.000190623,5.41
288,송원산업,248.053911,0.000190298,6.65
289,와이지엔터테인먼트,245.861731,0.000188616,4.94
290,아모레퍼시픽우,244.194312,0.000187337,2.59
291,유니테스트,243.5535095,0.000186845,8.03
292,농심홀딩스,242.984975,0.000186409,6.67
293,서울반도체,239.86755,0.000184017,2.53
294,삼화콘덴서,239.750522,0.000183928,4.41
295,아미코젠,235.9792715,0.000181034,4.83
296,E1,235.556202,0.00018071,7.11
297,CJ프레시웨이,234.7509375,0.000180092,6.9
298,삼양식품,233.454118,0.000179097,3.45
299,천보,229.434744,0.000176014,3.72
300,하나머티리얼즈,225.875662,0.000173283,6.07
301,테크윙,225.425196,0.000172938,8.39
302,미래에셋생명,223.7880194,0.000171682,3.06
303,한글과컴퓨터,220.1817,0.000168915,9.01
304,환인제약,219.8984595,0.000168698,7.65
305,한일시멘트,218.936138,0.00016796,5.66
306,JW생명과학,216.57042,0.000166145,6.91
307,인트론바이오,214.67779,0.000164693,4.62
308,삼진제약,213.1955045,0.000163556,6.15
309,와이솔,213.061604,0.000163453,5.01
310,한국자산신탁,212.0155968,0.00016265,5.57
311,제넥신,211.544375,0.000162289,1.42
312,효성중공업,211.2654765,0.000162075,8.5
313,남양유업,210.182085,0.000161244,6.64
314,국도화학,209.295338,0.000160564,7.66
315,티씨케이,208.00676,0.000159575,2.7
316,신세계 I&C,207.78675,0.000159406,11.24
317,지트리비앤티,207.711182,0.000159348,2.65
318,동국제강,204.7049305,0.000157042,3.61
319,남해화학,202.5880752,0.000155418,5
320,피에스케이,200.469492,0.000153793,5.75
321,한국철강,198.9639498,0.000152638,9.13
322,네패스,194.1308785,0.00014893,3.5
323,한화3우B,193.72925,0.000148622,6.27
324,에코마케팅,192.229814,0.000147472,3.69
325,유한양행,191.79677,0.000147139,0
326,해성디에스,191.517804,0.000146925,7.13
327,아주캐피탈,191.1875535,0.000146672,2.67
328,S&T중공업,191.0102276,0.000146536,8.69
329,고영,190.39585,0.000146065,1.32
330,사조산업,189.699594,0.00014553,10.17
331,다원시스,188.5330555,0.000144636,4.42
332,덴티움,186.992122,0.000143453,3.14
333,현대일렉트릭,185.426703,0.000142252,4.45
334,한국쉘석유,185.25988,0.000142124,4.41
335,고려제강,184.6082535,0.000141625,4.49
336,CJ제일제당 우,183.06223,0.000140438,12.65
337,두산솔루스,180.343328,0.000138353,2.9
338,슈피겐코리아,178.92279,0.000137263,5.64
339,애경유화,178.204204,0.000136712,6.78
340,코리아오토글라스,177.5426025,0.000136204,5.5
341,일진다이아,176.540026,0.000135435,4.45
342,큐리언트,176.045085,0.000135055,6.69
343,모두투어,175.67641,0.000134772,5.11
344,네오팜,174.294981,0.000133713,4.39
345,신도리코,174.03147,0.00013351,4.68
346,휴젤,172.490444,0.000132328,1
347,오스코텍,172.387059,0.000132249,2.45
348,삼천리,172.227055,0.000132126,5.03
349,한국콜마홀딩스,168.7941915,0.000129493,4.17
350,대신증권,168.049265,0.000128921,2.77
351,케이씨,165.177455,0.000126718,6.53
352,대교,164.008199,0.000125821,3.17
353,와이엠티,160.9570785,0.00012348,7.51
354,엔지켐생명과학,158.975872,0.00012196,2.87
355,세방,158.64618,0.000121707,7.14
356,HDC아이콘트롤스,158.512814,0.000121605,8.84
357,아세아제지,158.1153,0.0001213,5.88
358,아이티엠반도체,157.2963525,0.000120672,1.62
359,BGF,156.40744,0.00011999,2.92
360,아모텍,154.435583,0.000118477,5.35
361,스카이라이프,154.3132184,0.000118383,3.7
362,콜마비앤에이치,153.993075,0.000118138,1.88
363,레고켐바이오,153.620544,0.000117852,2.71
364,한화손해보험,152.4847425,0.000116981,4.62
365,CJ4우,152.478744,0.000116976,4.98
366,대상홀딩스,152.3506904,0.000116878,6.24
367,코텍,148.7008425,0.000114078,7.43
368,백산,148.0270925,0.000113561,6.8
369,지역난방공사,147.872098,0.000113442,2.7
370,동양,146.8555323,0.000112662,4.29
371,휴맥스,145.752828,0.000111816,11.72
372,세아제강지주,143.090172,0.000109773,7.29
373,텔레칩스,141.37,0.000108454,9.92
374,지투알,139.2142895,0.0001068,12.83
375,엔케이맥스,138.564,0.000106301,4.11
376,오스템임플란트,135.148923,0.000103681,2.24
377,S&T홀딩스,134.1339645,0.000102903,5.32
378,율촌화학,133.50246,0.000102418,3.85
379,노루페인트,133.463422,0.000102388,8.19
380,삼익THK,132.974164,0.000102013,5.46
381,덕산하이메탈,132.9229575,0.000101974,7.65
382,세아제강,132.642027,0.000101758,7.68
383,태광,130.229418,9.99071E-05,4.82
384,삼영무역,129.847509,9.96142E-05,4.64
385,HDC현대EP,129.293571,9.91892E-05,8.09
386,교보증권,128.4619834,9.85512E-05,3.87
387,아모그린텍,128.288952,9.84185E-05,6.03
388,평화정공,127.5023816,9.78151E-05,7.04
389,디오,124.68246,9.56517E-05,1.91
390,SBS미디어홀딩스,123.4473862,9.47042E-05,4.32
391,성광벤드,122.5306485,9.40009E-05,4.14
392,디와이,121.5161184,9.32226E-05,8.2
393,한독,120.464025,9.24155E-05,3.86
394,엔에스쇼핑,120.118194,9.21502E-05,3.77
395,에이치엘비,119.876319,9.19646E-05,0.24
396,두산중공업,118.7639596,9.11113E-05,1.03
397,SBS콘텐츠허브,116.934516,8.97078E-05,10.09
398,동원시스템즈,115.49496,8.86034E-05,1.53
399,KH바텍,115.3450935,8.84884E-05,2.17
400,HB테크놀러지,114.3044146,8.76901E-05,4.83
401,메지온,114.196535,8.76073E-05,0.69
402,호전실업,111.83154,8.5793E-05,9.64
403,메가스터디교육,110.657675,8.48924E-05,2.26
404,대림산업우,109.083625,8.36849E-05,6.95
405,아모레G우,107.59122,8.254E-05,5.15
406,이노와이어리스,106.969404,8.20629E-05,5.37
407,KG이니시스,106.95856,8.20546E-05,2.25
408,한화시스템,106.7880915,8.19238E-05,0.94
409,동성코퍼레이션,106.6869864,8.18463E-05,4.5
410,펩트론,106.659717,8.18253E-05,3.56
411,팜스코,105.204438,8.07089E-05,6.23
412,일신방직,104.291128,8.00083E-05,6.07
413,심텍,103.911256,7.97168E-05,3.68
414,KPX케미칼,102.168336,7.83797E-05,3.8
415,유나이티드제약,100.0043805,7.67196E-05,3.36
416,대양전기공업,98.262575,7.53834E-05,7.39
417,동원산업,96.953715,7.43793E-05,1.25
418,한세예스24홀딩스,96.9465582,7.43738E-05,3.28
419,하이록코리아,96.311232,7.38864E-05,3.68
420,CJ헬로,95.1567595,7.30007E-05,2.03
421,삼천당제약,93.850144,7.19983E-05,1.19
422,JW홀딩스,93.243273,7.15328E-05,2.28
423,웹케시,93.0637725,7.1395E-05,3.21
424,코스맥스비티아이,93.011861,7.13552E-05,7.2
425,메디포스트,92.70345,7.11186E-05,1.7
426,대한제강,92.5607412,7.10091E-05,6.23
427,한일홀딩스,92.509592,7.09699E-05,3.52
428,인터로조,92.26505,7.07823E-05,3.07
429,신대양제지,91.10283,6.98907E-05,3.8
430,자화전자,90.89447,6.97308E-05,4.79
431,아이센스,89.260983,6.84777E-05,2.53
432,메가스터디,89.1647325,6.84038E-05,6.31
433,제이브이엠,88.864232,6.81733E-05,4.74
434,하림지주,88.2510319,6.77029E-05,1.1
435,클리오,87.92292,6.74512E-05,2.36
436,현대에이치씨엔,86.4447958,6.63172E-05,2.25
437,영풍정밀,85.61183,6.56782E-05,6.39
438,SFA반도체,84.17570805,6.45765E-05,1.37
439,쏠리드,83.7043856,6.42149E-05,2.96
440,노루홀딩스,83.360375,6.3951E-05,5.02
441,아모레G3우,83.346354,6.39402E-05,2.15
442,무학,82.7892162,6.35128E-05,3.42
443,한일현대시멘트,82.0179885,6.29211E-05,1.6
444,아시아나항공,79.297434,6.0834E-05,0.66
445,윈스,78.387407,6.01359E-05,4.86
446,사람인에이치알,78.10047,5.99158E-05,2.17
447,유진기업,77.8855763,5.97509E-05,2
448,화천기공,76.8792,5.89788E-05,8.74
449,삼성물산우B,76.506186,5.86927E-05,6.04
450,파트론,75.019956,5.75525E-05,1.05
451,휴온스,74.88234,5.74469E-05,1.54
452,하이비젼시스템,74.523375,5.71715E-05,3.99
453,삼영전자,74.3966894,5.70744E-05,4.12
454,동성화인텍,73.4914055,5.63799E-05,2.58
455,포스코강판,73.310436,5.6241E-05,7.15
456,코웰패션,73.1401968,5.61104E-05,1.43
457,신라교역,72.560488,5.56657E-05,3.81
458,LG우,72.321048,5.5482E-05,4.43
459,서부T&D,71.930121,5.51821E-05,1.49
460,무림P&P,71.02736225,5.44895E-05,2.7
461,현대상사,70.618185,5.41756E-05,2.98
462,대창단조,70.1055,5.37823E-05,8.5
463,휴비스,69.96801,5.36768E-05,3.33
464,예스티,67.721982,5.19538E-05,3.5
465,다산네트웍스,67.410576,5.17149E-05,2.58
466,지누스,66.985824,5.1389E-05,0.51
467,S&TC,66.595716,5.10897E-05,4.48
468,헬릭스미스,66.231369,5.08102E-05,0.33
469,LG생활건강우,65.70462,5.04061E-05,0.41
470,신영증권,65.086336,4.99318E-05,1.27
471,선진,64.8383256,4.97415E-05,2.9
472,엠에스오토텍,64.8346174,4.97387E-05,3.19
473,한미약품,64.76746,4.96872E-05,0
474,태평양물산,64.6973877,4.96334E-05,4.9
475,파크시스템스,64.6257515,4.95785E-05,2.39
476,네오위즈,63.9033645,4.90243E-05,1.72
477,한미글로벌,63.76896,4.89212E-05,6.06
478,도화엔지니어링,63.7498412,4.89065E-05,2.12
479,이수화학,63.718614,4.88825E-05,3.93
480,서진시스템,63.715392,4.88801E-05,1.22
481,KG케미칼,63.02424,4.83498E-05,4.04
482,광주신세계,62.79724,4.81757E-05,2.39
483,일진파워,62.1946626,4.77134E-05,7.61
484,SIMPAC,61.9528459,4.75279E-05,3.22
485,게임빌,61.612595,4.72669E-05,3.09
486,동아타이어,60.5492095,4.64511E-05,3.57
487,조선내화,59.566152,4.56969E-05,1.68
488,코스맥스엔비티,59.126715,4.53598E-05,4.36
489,노바렉스,59.01762,4.52761E-05,3.26
490,아이씨디,58.4962815,4.48762E-05,1.7
491,동양생명,57.9884,4.44865E-05,0.9
492,현대차증권,57.7019745,4.42668E-05,1.96
493,슈프리마,57.530783,4.41355E-05,2.37
494,금호산업,57.47033,4.40891E-05,1.39
495,종근당,57.15822,4.38496E-05,0
496,디티알오토모티브,57.0490625,4.37659E-05,1.94
497,성신양회,56.7790194,4.35587E-05,3.32
498,상아프론테크,56.048935,4.29986E-05,2.4
499,세이브존I&C,55.9123252,4.28938E-05,4.18
500,엠씨넥스,55.8507475,4.28466E-05,0.83
501,코엔텍,55.4434599,4.25341E-05,1.12
502,모토닉,54.9704475,4.21713E-05,1.88
503,에코프로,54.233363,4.16058E-05,1.09
504,웅진씽크빅,53.0320118,4.06842E-05,1.3
505,오이솔루션,53.0197955,4.06748E-05,1.39
506,이수페타시스,52.0645505,3.9942E-05,3.09
507,비즈니스온,52.0076175,3.98983E-05,3.85
508,동아지질,51.191014,3.92718E-05,2.32
509,티웨이항공,51.0040755,3.91284E-05,1.92
510,쌍용차,50.8632715,3.90204E-05,1.64
511,S-Oil우,50.64368,3.88519E-05,2.31
512,카페24,50.075648,3.84162E-05,1.04
513,한솔홀딩스,49.996022,3.83551E-05,2.7
514,메드팩토,49.6038075,3.80542E-05,1.11
515,오텍,48.214062,3.6988E-05,2.68
516,한화투자증권,47.7616741,3.6641E-05,1.08
517,다나와,47.47581,3.64217E-05,1.52
518,대한약품,47.259147,3.62555E-05,2.49
519,일동제약,46.77605,3.58848E-05,1.23
520,삼양패키징,46.6818975,3.58126E-05,2.09
521,NPC,46.5178434,3.56868E-05,3.38
522,엘앤에프,46.44181,3.56284E-05,0.85
523,경동도시가스,45.9971125,3.52873E-05,3.67
524,유비쿼스,45.953188,3.52536E-05,3.16
525,제일약품,45.848024,3.51729E-05,0.86
526,강남제비스코,45.7290955,3.50817E-05,3.46
527,에스티아이,45.65269,3.5023E-05,1.4
528,셀트리온제약,45.460754,3.48758E-05,0.34
529,세경하이테크,45.165141,3.4649E-05,1.09
530,삼양통상,44.980707,3.45075E-05,2.5
531,대림씨엔에스,44.8640454,3.4418E-05,4.62
532,비츠로셀,44.75198,3.4332E-05,1.55
533,풍산홀딩스,44.505055,3.41426E-05,1.67
534,대한제분,44.381275,3.40477E-05,1.78
535,덕산테코피아,44.118919,3.38464E-05,1.25
536,한솔테크닉스,43.949934,3.37167E-05,1.53
537,금화피에스시,43.9373,3.37071E-05,2.48
538,코리아써키트,43.555121,3.34139E-05,1.54
539,종근당바이오,43.323405,3.32361E-05,2.81
540,오로라,43.3001205,3.32182E-05,2.95
541,한진중공업홀딩스,43.0916171,3.30583E-05,5.63
542,나노신소재,42.772875,3.28138E-05,2.36
543,우리산업,42.676392,3.27397E-05,2.29
544,인바디,42.244103,3.24081E-05,1.31
545,세종공업,42.0868197,3.22874E-05,4.03
546,두산퓨얼셀,42.0722652,3.22763E-05,0.87
547,하나제약,42.064319,3.22702E-05,1.15
548,엘앤씨바이오,42.011136,3.22294E-05,2.23
549,NHN한국사이버결제,41.937354,3.21728E-05,0.82
550,사조씨푸드,41.3753647,3.17416E-05,4.54
551,디아이씨,41.230881,3.16308E-05,5.12
552,삼광글라스,40.64613,3.11822E-05,2.75
553,서연이화,40.5076644,3.1076E-05,3.04
554,청담러닝,40.278,3.08998E-05,2.8
555,포스코 ICT,40.0211247,3.07027E-05,0.5
556,셀트리온헬스케어,39.5433,3.03361E-05,0
557,디피씨,39.3116977,3.01585E-05,1.82
558,안랩,38.99739,2.99173E-05,0.59
559,SK이노베이션우,38.6568,2.96561E-05,2.76
560,올릭스,38.6264,2.96327E-05,1.4
561,농우바이오,38.4230325,2.94767E-05,2.02
562,태림포장,38.4032975,2.94616E-05,1.28
563,KG모빌리언스,37.9554888,2.9118E-05,2.07
564,인탑스,37.883817,2.9063E-05,1.71
565,세진중공업,37.8413805,2.90305E-05,2.15
566,상신브레이크,37.5972948,2.88432E-05,4.99
567,예스코홀딩스,37.565308,2.88187E-05,1.67
568,대한제당,37.40625,2.86967E-05,2.12
569,글로벌텍스프리,37.1446828,2.8496E-05,2.67
570,부광약품,36.492911,2.7996E-05,0
571,금호타이어,36.33855825,2.78776E-05,0.3
572,한국금융지주우,36.273283,2.78275E-05,1.4
573,IHQ,36.2231637,2.77891E-05,1.42
574,동부건설,35.9964416,2.76151E-05,1.93
575,삼성SDI우,35.988693,2.76092E-05,2.41
576,웹젠,35.726014,2.74077E-05,0.62
577,한국공항,35.3803,2.71424E-05,2.47
578,에스티팜,35.240288,2.7035E-05,0.63
579,동원개발,35.0106559,2.68589E-05,0.94
580,신세계건설,34.996095,2.68477E-05,3.33
581,압타바이오,34.6,2.65438E-05,0.92
582,삼호개발,34.352843,2.63542E-05,3.09
583,바텍,34.23846,2.62665E-05,0.79
584,신흥에스이씨,33.919808,2.6022E-05,1.35
585,기신정기,33.6391005,2.58067E-05,3.05
586,이연제약,33.6136,2.57871E-05,1.25
587,칩스앤미디어,33.32,2.55619E-05,4.72
588,코미코,32.78808,2.51538E-05,1.34
589,레이,32.720688,2.51021E-05,1.15
590,코스모신소재,32.365295,2.48294E-05,1.24
591,잇츠한불,32.280022,2.4764E-05,0.76
592,삼호,32.250295,2.47412E-05,1.07
593,코오롱글로벌,32.2185717,2.47169E-05,1.32
594,에이블씨엔씨,31.9880975,2.45401E-05,1.15
595,태경산업,31.8719638,2.4451E-05,1.91
596,조선선재,31.847256,2.4432E-05,3.07
597,인선이엔티,31.6199104,2.42576E-05,0.99
598,대원미디어,31.3852725,2.40776E-05,3.7
599,AJ네트웍스,30.948687,2.37427E-05,1.33
600,한양이엔지,30.399696,2.33215E-05,1.37
601,제이에스코퍼레이션,29.693049,2.27794E-05,1.77
602,쎄트렉아이,29.3695,2.25312E-05,2.08
603,유안타증권,29.268267,2.24535E-05,0.51
604,아난티,28.967432,2.22227E-05,0.33
605,경인양행,28.5491448,2.19018E-05,0.9
606,KTB투자증권,28.5206404,2.188E-05,2.02
607,KPX홀딩스,28.464256,2.18367E-05,1.24
608,디와이파워,28.44463,2.18217E-05,2.55
609,민앤지,28.405,2.17913E-05,1.5
610,한국제지,28.3055575,2.1715E-05,3.32
611,코윈테크,28.2708635,2.16883E-05,1.23
612,멀티캠퍼스,28.2449475,2.16685E-05,1.38
613,에이치엘사이언스,28.184175,2.16218E-05,1
614,서울옥션,28.167615,2.16091E-05,2.9
615,신풍제약,28.0731724,2.15367E-05,0.73
616,뉴트리,27.8619165,2.13746E-05,2.2
617,상상인,27.8567967,2.13707E-05,0.58
618,알루코,27.7460757,2.12858E-05,1.36
619,대동공업,27.6477976,2.12104E-05,2.05
620,KC그린홀딩스,27.3718642,2.09987E-05,2.53
621,에스앤에스텍,26.535732,2.03572E-05,1.1
622,대현,26.48943995,2.03217E-05,2.4
623,한컴MDS,26.35976,2.02222E-05,2.67
624,원익홀딩스,26.1971346,2.00975E-05,0.62
625,텔코웨어,25.588269,1.96304E-05,1.98
626,이지웰페어,25.54486,1.95971E-05,2.11
627,이월드,25.3566696,1.94527E-05,0.52
628,넥센,25.303036,1.94115E-05,0.78
629,경농,25.2663485,1.93834E-05,1.03
630,다우데이타,25.251339,1.93719E-05,0.79
631,파멥신,25.149555,1.92938E-05,0.94
632,롯데손해보험,25.08094,1.92412E-05,0.39
633,한국알콜,24.9485776,1.91396E-05,1.54
634,신영와코루,24.851,1.90648E-05,2.76
635,씨엠에스에듀,24.61744,1.88856E-05,2.49
636,태웅,24.5288435,1.88176E-05,1.38
637,필룩스,24.2431431,1.85984E-05,0.4
638,드림텍,24.0993721,1.84881E-05,0.58
639,이엔에프테크놀로지,23.81522,1.82701E-05,0.59
640,세보엠이씨,23.770152,1.82356E-05,2.84
641,아이원스,23.572635,1.8084E-05,2.74
642,앱클론,23.548324,1.80654E-05,0.82
643,샘표식품,23.39778,1.79499E-05,1.51
644,케이아이엔엑스,23.370282,1.79288E-05,1.31
645,연우,23.1050585,1.77253E-05,0.8
646,크리스탈,23.08282,1.77083E-05,0.38
647,에스텍,22.92254,1.75853E-05,1.8
648,진성티이씨,22.8509216,1.75304E-05,1.46
649,삼영이엔씨,22.5531108,1.73019E-05,4.31
650,지노믹트리,22.4381325,1.72137E-05,0.48
651,액트로,22.371872,1.71629E-05,1.53
652,광동제약,22.356901,1.71514E-05,0.64
653,우주일렉트로,22.306284,1.71125E-05,2.67
654,한신공영,22.290428,1.71004E-05,1.3
655,켐트로닉스,22.0857995,1.69434E-05,0.84
656,대신증권우,22.0152576,1.68893E-05,0.95
657,현대상선,21.8705205,1.67782E-05,0.19
658,LS전선아시아,21.8541792,1.67657E-05,0.89
659,유진투자증권,21.851409,1.67636E-05,0.99
660,SK증권,21.73906765,1.66774E-05,0.76
661,녹십자셀,21.720948,1.66635E-05,0.38
662,용평리조트,21.71862,1.66617E-05,0.75
663,한국자산신탁,21.309858,1.63481E-05,0
664,디엔에프,21.275919,1.63221E-05,2.09
665,아이쓰리시스템,21.178833,1.62476E-05,1.36
666,동화기업,21.1222425,1.62042E-05,0.62
667,삼익악기,21.1001798,1.61873E-05,1.26
668,와이엔텍,21.030207,1.61336E-05,1.11
669,빅솔론,20.8787059,1.60174E-05,1.94
670,DB,20.77504,1.59378E-05,1.17
671,코미팜,20.568285,1.57792E-05,0.21
672,KSS해운,20.4978729,1.57252E-05,1.14
673,경방,20.4620288,1.56977E-05,0.8
674,현대차3우B,20.420344,1.56657E-05,1.19
675,제이스텍,20.3203045,1.5589E-05,1.01
676,세아홀딩스,20.057934,1.53877E-05,0.64
677,코오롱,20.0342025,1.53695E-05,0.9
678,서연,19.9504912,1.53053E-05,2.91
679,화승알앤에이,19.9273608,1.52875E-05,1.46
680,인텔리안테크,19.7687655,1.51659E-05,0.73
681,HSD엔진,19.6671507,1.50879E-05,1.34
682,새론오토모티브,19.5944545,1.50321E-05,2.02
683,뷰웍스,19.36557,1.48565E-05,0.61
684,세원정공,19.2127792,1.47393E-05,2.37
685,성우하이텍,19.1305125,1.46762E-05,0.64
686,LG하우시스우,18.872508,1.44783E-05,6.73
687,레이언스,18.123615,1.39038E-05,0.82
688,휴니드,18.0526459,1.38493E-05,1.76
689,미원에스씨,17.678892,1.35626E-05,0.46
690,삼양옵틱스,17.438685,1.33783E-05,1.36
691,대봉엘에스,17.3383686,1.33013E-05,2.28
692,남선알미늄,17.17068,1.31727E-05,0.48
693,아스트,17.1413172,1.31502E-05,0.81
694,휴스틸,17.1335642,1.31442E-05,2.25
695,녹십자랩셀,17.125873,1.31383E-05,0.43
696,국보디자인,17.0829065,1.31054E-05,1.34
697,에이치엘비생명과학,16.9549725,1.30072E-05,0.13
698,에이프로젠 KIC,16.86794075,1.29405E-05,0.4
699,동성제약,16.798251,1.2887E-05,0.4
700,DI동일,16.67991,1.27962E-05,0.93
701,로체시스템즈,16.5298903,1.26811E-05,2
702,벽산,16.45638225,1.26247E-05,1.25
703,엘비세미콘,16.38,1.25661E-05,0.48
704,알에프텍,16.3419596,1.25369E-05,0.95
705,한미사이언스,16.3267455,1.25253E-05,0
706,S&K폴리텍,16.1244237,1.23701E-05,1.63
707,리드코프,15.780602,1.21063E-05,0.84
708,에스피지,15.5847084,1.1956E-05,1.05
709,일진홀딩스,15.3421749,1.17699E-05,0.61
710,CMG제약,15.2566075,1.17043E-05,0.26
711,나이스디앤비,15.17362,1.16406E-05,1.19
712,CJ우,15.16445,1.16336E-05,1.45
713,유니켐,14.9492244,1.14685E-05,1.24
714,오션브릿지,14.926245,1.14509E-05,1.48
715,한국화장품,14.905947,1.14353E-05,0.86
716,대원강업,14.84148015,1.13858E-05,0.71
717,하이트진로홀딩스,14.802084,1.13556E-05,0.48
718,에어부산,14.7569827,1.1321E-05,0.48
719,서원인텍,14.496133,1.11209E-05,1.06
720,알서포트,14.4548922,1.10893E-05,1.02
721,라이온켐텍,14.4150775,1.10587E-05,1.01
722,아시아나IDT,14.403486,1.10498E-05,0.61
723,파미셀,14.3756076,1.10284E-05,0.28
724,동화약품,14.1377199,1.08459E-05,0.61
725,펌텍코리아,14.089616,1.0809E-05,0.62
726,에이스테크,14.0367702,1.07685E-05,0.44
727,계룡건설,13.8657825,1.06373E-05,0.77
728,세틀뱅크,13.654961,1.04756E-05,0.51
729,백광소재,13.6249641,1.04526E-05,1.14
730,원익,13.5451791,1.03914E-05,1.76
731,에치에프알,13.536348,1.03846E-05,0.38
732,라파스,13.532802,1.03819E-05,0.87
733,오이솔루션,13.4924325,1.03509E-05,0
734,GS글로벌,13.3014408,1.02044E-05,0.73
735,참좋은여행,13.166505,1.01009E-05,1.4
736,아이앤씨,13.1140261,1.00606E-05,1.42
737,NH투자증권우,12.9944929,9.96889E-06,0.78
738,화성산업,12.8050975,9.82359E-06,0.88
739,필옵틱스,12.7670785,9.79443E-06,0.67
740,삼성전기우,12.7375,9.77173E-06,0.88
741,유양디앤유,12.7120096,9.75218E-06,0.45
742,현대비앤지스틸,12.6695016,9.71957E-06,0.93
743,유니퀘스트,12.6352478,9.69329E-06,0.7
744,TCC스틸,12.6132928,9.67645E-06,2.08
745,진도,12.57102795,9.64402E-06,2.73
746,세운메디칼,12.506292,9.59436E-06,0.89
747,한국아트라스비엑스,12.189905,9.35164E-06,0.26
748,코스모화학,12.0372444,9.23452E-06,0.75
749,GS우,12.010145,9.21373E-06,1.81
750,금강공업,11.8239821,9.07092E-06,1.27
751,두올,11.8148466,9.06391E-06,1.39
752,KCI,11.7951435,9.04879E-06,0.96
753,삼표시멘트,11.7056424,8.98013E-06,0.29
754,진양홀딩스,11.5215318,8.83889E-06,0.79
755,차바이오텍,11.5061015,8.82705E-06,0.15
756,휴온스글로벌,11.4810445,8.80783E-06,0.3
757,우리종금,11.36219319,8.71665E-06,0.26
758,경동인베스트,11.1690875,8.56851E-06,1.29
759,크라운해태홀딩스,11.077872,8.49853E-06,0.72
760,디바이스이엔지,11.067786,8.49079E-06,1.33
761,모바일리더,11.02275,8.45624E-06,1.62
762,나노메딕스,10.8037952,8.28827E-06,0.4
763,메디톡스,10.630797,8.15555E-06,0
764,CS홀딩스,10.58967,8.124E-06,1.57
765,삼성출판사,10.5230385,8.07288E-06,0.42
766,코세스,10.476,8.0368E-06,0.71
767,유비케어,10.3535824,7.94288E-06,0.35
768,아비코전자,10.350186,7.94028E-06,1.49
769,카프로,10.2559714,7.868E-06,0.82
770,계양전기,10.2408852,7.85642E-06,1.1
771,대한전선,10.16839824,7.80081E-06,0.19
772,캠시스,10.075,7.72916E-06,0.51
773,제일파마홀딩스,10.07165,7.72659E-06,0.37
774,클래시스,10.0206055,7.68743E-06,0.11
775,백광산업,9.986124,7.66098E-06,0.9
776,퍼시스,9.955365,7.63738E-06,0.29
777,진흥기업,9.9050028,7.59875E-06,0.29
778,APS홀딩스,9.873498,7.57458E-06,0.47
779,안트로젠,9.809514,7.52549E-06,0.26
780,네이처셀,9.7979461,7.51662E-06,0.24
781,인지컨트롤스,9.6944265,7.4372E-06,1.29
782,세종메디칼,9.536488,7.31604E-06,1.87
783,KC코트렐,9.5218425,7.3048E-06,1.07
784,에이프로젠제약,9.47200555,7.26657E-06,0.29
785,한국주철관,9.4206735,7.22719E-06,0.4
786,케어젠,9.277155,7.11709E-06,0.11
787,STX,9.2386539,7.08755E-06,0.58
788,케이피에프,9.2356992,7.08528E-06,1.13
789,신일산업,9.2161965,7.07032E-06,0.7
790,SG세계물산,8.96909928,6.88076E-06,0.49
791,한창제지,8.9606286,6.87426E-06,0.49
792,두산우,8.836674,6.77917E-06,0.36
793,이베스트투자증권,8.560496,6.56729E-06,0.28
794,정상제이엘에스,8.5363105,6.54874E-06,0.72
795,일진디스플,8.50489185,6.52464E-06,0.85
796,JW중외제약,8.4878,6.51152E-06,0
797,인크로스,8.4531665,6.48495E-06,0.42
798,비엠티,8.1020322,6.21558E-06,1.47
799,매일홀딩스,8.009042,6.14424E-06,0.55
800,야스,7.9769175,6.11959E-06,0.31
801,KEC,7.91376525,6.07114E-06,0.66
802,미원상사,7.82553,6.00345E-06,0.27
803,일신석재,7.7991276,5.9832E-06,0.42
804,대성홀딩스,7.7374871,5.93591E-06,0.58
805,이녹스첨단소재,7.729145,5.92951E-06,0
806,제이에스티나,7.7113863,5.91589E-06,1.15
807,이수앱지스,7.6977075,5.90539E-06,0.43
808,아남전자,7.647238,5.86668E-06,0.48
809,대한광통신,7.636,5.85805E-06,0.31
810,엘엠에스,7.6195,5.8454E-06,0.49
811,휴온스,7.48656,5.74341E-06,0
812,와이엠씨,7.4855424,5.74263E-06,0.53
813,유아이엘,7.4848104,5.74207E-06,0.66
814,피피아이,7.4635915,5.72579E-06,0.83
815,에스제이그룹,7.351022,5.63943E-06,0.37
816,효성ITX,7.274186,5.58048E-06,0.38
817,대영포장,7.2678582,5.57563E-06,0.6
818,제이준코스메틱,7.2483084,5.56063E-06,0.6
819,유수홀딩스,7.0847082,5.43512E-06,0.41
820,토니모리,7.001082,5.37097E-06,0.38
821,경보제약,6.956985,5.33714E-06,0.35
822,DSC인베스트먼트,6.951,5.33255E-06,1.16
823,인디에프,6.9121287,5.30273E-06,0.49
824,그린케미칼,6.91,5.30109E-06,0.83
825,미래컴퍼니,6.88984,5.28563E-06,0.24
826,아톤,6.880849,5.27873E-06,0.56
827,바이오니아,6.7822594,5.2031E-06,0.45
828,대성에너지,6.7794072,5.20091E-06,0.47
829,부산가스,6.609855,5.07083E-06,0.17
830,이건산업,6.5469445,5.02257E-06,0.8
831,지엠비코리아,6.5392109,5.01664E-06,0.7
832,사조동아원,6.52742475,5.0076E-06,0.46
833,쌍방울,6.5192358,5.00131E-06,0.46
834,한라,6.51438,4.99759E-06,0.56
835,삼영무역,6.491175,4.97979E-06,0
836,보해양조,6.476821,4.96877E-06,0.45
837,KISCO홀딩스,6.401152,4.91072E-06,0.27
838,한솔홈데코,6.346182,4.86855E-06,0.72
839,힘스,6.315568,4.84507E-06,0.41
840,SNK,6.2776,4.81594E-06,0.19
841,제로투세븐,6.27,4.81011E-06,0.3
842,대아티아이,6.2373292,4.78505E-06,0.17
843,대화제약,6.215424,4.76824E-06,0.27
844,현대약품,6.1913263,4.74975E-06,0.37
845,제주은행,6.0524119,4.64318E-06,0.46
846,대성산업,6.04034175,4.63392E-06,0.38
847,텔콘RF제약,6.036606,4.63106E-06,0.15
848,마니커,5.98102768,4.58842E-06,0.47
849,이지바이오,5.9522894,4.56637E-06,0.21
850,화천기계,5.9034192,4.52888E-06,0.97
851,해태제과식품,5.8855896,4.5152E-06,0.28
852,금호석유우,5.798954,4.44874E-06,0.58
853,주성엔지니어링,5.672592,4.3518E-06,0.15
854,부산산업,5.547915,4.25615E-06,0.36
855,샘표,5.54689,4.25537E-06,0.47
856,동국산업,5.4321654,4.16735E-06,0.39
857,디앤씨미디어,5.402821,4.14484E-06,0.23
858,신성이엔지,5.390414,4.13532E-06,0.33
859,삼일제약,5.295338,4.06239E-06,0.39
860,에스티큐브,5.233795,4.01517E-06,0.17
861,옵트론텍,5.18,3.9739E-06,0.31
862,에이디테크놀로지,5.144789,3.94689E-06,0.3
863,조광피혁,5.07039,3.88981E-06,0.2
864,파워로직스,5.024418,3.85455E-06,0.14
865,크린앤사이언스,4.96524,3.80915E-06,0.28
866,인터플렉스,4.933247,3.7846E-06,0.12
867,휴비츠,4.894708,3.75504E-06,0.49
868,대유에이텍,4.86761798,3.73425E-06,0.51
869,알티캐스트,4.824,3.70079E-06,1.13
870,세원셀론텍,4.8114144,3.69114E-06,0.27
871,WISCOM,4.7125092,3.61526E-06,1.16
872,경동제약,4.6728,3.5848E-06,0.22
873,모나리자,4.6239666,3.54733E-06,0.35
874,나무가,4.6127,3.53869E-06,0.28
875,DB금융투자,4.4835945,3.43965E-06,0.25
876,한화갤러리아타임월드,4.454246,3.41713E-06,0.32
877,한창,4.4530991,3.41625E-06,0.47
878,드림어스컴퍼니,4.4457993,3.41065E-06,0.13
879,두산건설,4.38309565,3.36255E-06,0.1
880,사조대림,4.37728,3.35809E-06,0.3
881,뉴파워프라즈마,4.33109215,3.32265E-06,0.25
882,황금에스티,4.3082166,3.3051E-06,0.44
883,씨에스베어링,4.245,3.25661E-06,0.53
884,녹원씨엔아이,4.241655,3.25404E-06,0.5
885,넥스트사이언스,4.2123821,3.23158E-06,0.18
886,SK가스,4.119174,3.16008E-06,0
887,다스코,4.1034072,3.14798E-06,0.38
888,위닉스,4.094539,3.14118E-06,0.09
889,무림페이퍼,4.0945345,3.14117E-06,0.4
890,신원,4.06757925,3.12049E-06,0.26
891,오이솔루션,4.024241,3.08725E-06,0
892,싸이맥스,3.99443,3.06438E-06,0.34
893,보락,3.8880156,2.98274E-06,0.32
894,신라젠,3.8436735,2.94872E-06,0.04
895,SH에너지화학,3.8054262,2.91938E-06,0.34
896,KCTC,3.8054225,2.91938E-06,0.46
897,티웨이홀딩스,3.80112475,2.91608E-06,0.29
898,인스코비,3.773439,2.89484E-06,0.13
899,신성통상,3.7550607,2.88074E-06,0.17
900,남광토건,3.721542,2.85503E-06,0.34
901,나노스,3.6845775,2.82667E-06,0.08
902,금호에이치티,3.6787632,2.82221E-06,0.27
903,엘티씨,3.6744455,2.8189E-06,0.39
904,광전자,3.62158525,2.77834E-06,0.29
905,서부티엔디,3.596145,2.75883E-06,0
906,나스미디어,3.427713,2.62961E-06,0.12
907,덱스터,3.415412,2.62018E-06,0.18
908,NI스틸,3.37688,2.59062E-06,0.53
909,한세엠케이,3.3556383,2.57432E-06,0.58
910,코렌,3.35105625,2.57081E-06,0.42
911,동양물산,3.3179058,2.54537E-06,0.22
912,한국화장품제조,3.273291,2.51115E-06,0.23
913,씨티케이코스메틱스,3.144726,2.41252E-06,0.23
914,CJ씨푸드,3.14401395,2.41197E-06,0.32
915,일동홀딩스,3.120432,2.39388E-06,0.26
916,핸즈코퍼레이션,3.1167144,2.39103E-06,0.21
917,루트로닉,3.0544415,2.34325E-06,0.13
918,정다운,3.036,2.32911E-06,0.58
919,톱텍,2.997,2.29919E-06,0.08
920,한국전자금융,2.843334,2.1813E-06,0.11
921,남성,2.838591,2.17766E-06,0.25
922,동양철관,2.8120872,2.15733E-06,0.23
923,제이더블유홀딩스,2.7968575,2.14564E-06,0
924,한국내화,2.78194875,2.13421E-06,0.3
925,인터로조,2.76766,2.12325E-06,0
926,동양피스톤,2.76713235,2.12284E-06,0.44
927,삼화페인트,2.7192142,2.08608E-06,0.2
928,명문제약,2.71479,2.08269E-06,0.23
929,크라운제과,2.6998092,2.07119E-06,0.25
930,일성신약,2.52868,1.93991E-06,0.12
931,삼화전기,2.511894,1.92703E-06,0.25
932,우진,2.50677,1.9231E-06,0.3
933,화인베스틸,2.504295,1.9212E-06,0.34
934,대구백화점,2.4973508,1.91587E-06,0.39
935,지어소프트,2.421846,1.85795E-06,0.4
936,키다리스튜디오,2.4176106,1.8547E-06,0.35
937,옵티팜,2.4031032,1.84357E-06,0.18
938,광명전기,2.4006576,1.84169E-06,0.24
939,에프에스티,2.325,1.78365E-06,0.15
940,셀트리온제약,2.271386,1.74252E-06,0
941,동방,2.27134185,1.74249E-06,0.44
942,대양금속,2.2600585,1.73383E-06,0.12
943,비트컴퓨터,2.2475385,1.72423E-06,0.31
944,KMH,2.2373268,1.71639E-06,0.18
945,제노레이,2.215,1.69927E-06,0.2
946,퍼스텍,2.1895419,1.67973E-06,0.22
947,조광페인트,2.170355,1.66502E-06,0.31
948,영흥철강,2.1691567,1.6641E-06,0.22
949,쎌바이오텍,2.1601105,1.65716E-06,0.12
950,코오롱플라스틱,2.1319872,1.63558E-06,0.13
951,종근당바이오,2.106595,1.6161E-06,0
952,현대코퍼레이션홀딩스,2.1023635,1.61285E-06,0.19
953,두산퓨얼셀1우,2.09531875,1.60745E-06,0.36
954,흥국화재,2.0827288,1.59779E-06,0.11
955,부국증권,2.080413,1.59602E-06,0.1
956,삼성제약,2.0569763,1.57804E-06,0.08
957,대호에이엘,2.0472918,1.57061E-06,0.27
958,상상인증권,2.0425475,1.56697E-06,0.16
959,수산중공업,2.0277191,1.55559E-06,0.15
960,디아이,2.0260148,1.55428E-06,0.18
961,우성사료,1.9926438,1.52868E-06,0.22
962,대우부품,1.928514,1.47948E-06,0.19
963,LS네트웍스,1.8968565,1.4552E-06,0.1
964,이아이디,1.89529536,1.454E-06,0.15
965,강스템바이오텍,1.8774096,1.44028E-06,0.11
966,두산솔루스1우,1.874329,1.43792E-06,0.36
967,KTcs,1.8609518,1.42765E-06,0.19
968,BYC,1.847065,1.417E-06,0.13
969,우진아이엔에스,1.843968,1.41462E-06,0.29
970,나이스정보통신,1.817556,1.39436E-06,0.06
971,SG충방,1.78263225,1.36757E-06,0.23
972,테이팩스,1.75252,1.34447E-06,0.17
973,조비,1.744353,1.3382E-06,0.22
974,대창,1.737702,1.3331E-06,0.13
975,웅진,1.7308075,1.32781E-06,0.14
976,자이에스앤디,1.7121435,1.31349E-06,0.11
977,대원전선,1.69562255,1.30082E-06,0.21
978,미창석유,1.661842,1.2749E-06,0.12
979,대신증권2우B,1.6566736,1.27094E-06,0.2
980,유엔젤,1.6506776,1.26634E-06,0.24
981,서울가스,1.59556,1.22405E-06,0.05
982,웰바이오텍,1.58349135,1.2148E-06,0.17
983,인피니트헬스케어,1.5787874,1.21119E-06,0.11
984,남영비비안,1.562715,1.19886E-06,0.11
985,부국철강,1.5529439,1.19136E-06,0.15
986,디씨엠,1.545966,1.18601E-06,0.11
987,비티원,1.46745585,1.12578E-06,0.12
988,에스모,1.45315445,1.11481E-06,0.09
989,콤텍시스템,1.41092245,1.08241E-06,0.14
990,인천도시가스,1.406587,1.07908E-06,0.11
991,진양화학,1.349988,1.03566E-06,0.24
992,코오롱머티리얼,1.3482932,1.03436E-06,0.12
993,한전산업,1.344035,1.03109E-06,0.12
994,엔케이물산,1.32558676,1.01694E-06,0.2
995,DSR,1.3182021,1.01128E-06,0.18
996,모나미,1.3141903,1.0082E-06,0.19
997,삼부토건,1.29374046,9.92509E-07,0.13
998,국제약품,1.2647771,9.7029E-07,0.15
999,극동유화,1.2562537,9.63751E-07,0.1
1000,써니전자,1.2474385,9.56988E-07,0.1
1001,윌비스,1.2100803,9.28328E-07,0.14
1002,주연테크,1.16715888,8.95401E-07,0.14
1003,디지털대성,1.154478,8.85672E-07,0.07
1004,골프존뉴딘홀딩스,1.15095515,8.8297E-07,0.08
1005,유니온,1.14466905,8.78147E-07,0.18
1006,유화증권,1.105819,8.48343E-07,0.08
1007,영화금속,1.09617625,8.40945E-07,0.15
1008,KTis,1.095858,8.40701E-07,0.14
1009,한국석유,1.07847,8.27362E-07,0.16
1010,유유제약,1.0731425,8.23275E-07,0.15
1011,디티앤씨,1.0693542,8.20369E-07,0.14
1012,코오롱인더우,1.064136,8.16365E-07,0.18
1013,우리들제약,1.0518781,8.06962E-07,0.14
1014,진원생명과학,1.0461569,8.02572E-07,0.2
1015,DSR제강,1.0368995,7.95471E-07,0.16
1016,에스에이엠티,1.030772,7.9077E-07,0.05
1017,일성건설,1.0185019,7.81357E-07,0.15
1018,에넥스,0.96292125,7.38717E-07,0.14
1019,평화산업,0.9573336,7.34431E-07,0.14
1020,고려개발,0.9554415,7.32979E-07,0.07
1021,삼정펄프,0.9542925,7.32098E-07,0.12
1022,화신,0.908079,6.96644E-07,0.08
1023,태경화학,0.9031575,6.92869E-07,0.15
1024,세아특수강,0.852192,6.5377E-07,0.07
1025,까뮤이앤씨,0.8513445,6.5312E-07,0.15
1026,STX엔진,0.8385504,6.43305E-07,0.05
1027,혜인,0.81428365,6.24688E-07,0.15
1028,문배철강,0.7790592,5.97665E-07,0.15
1029,진양산업,0.7702296,5.90891E-07,0.15
1030,동일산업,0.749805,5.75222E-07,0.05
1031,디아이티,0.7443108,5.71007E-07,0.05
1032,카리스국보,0.72852765,5.58899E-07,0.12
1033,한국특수형강,0.7238993,5.55348E-07,0.14
1034,세우글로벌,0.699883,5.36924E-07,0.12
1035,동양네트웍스,0.69324696,5.31833E-07,0.13
1036,오리엔트바이오,0.68676465,5.2686E-07,0.1
1037,형지엘리트,0.6823055,5.23439E-07,0.15
1038,대한화섬,0.67483,5.17704E-07,0.06
1039,롯데칠성우,0.6137,4.70808E-07,0.11
1040,한국종합기술,0.61202525,4.69523E-07,0.14
1041,덕양산업,0.60824475,4.66623E-07,0.15
1042,동양고속,0.6052225,4.64304E-07,0.08
1043,한솔로지스틱스,0.60084505,4.60946E-07,0.14
1044,우진플라임,0.5955006,4.56846E-07,0.17
1045,대교우B,0.5927584,4.54742E-07,0.07
1046,STX중공업,0.5836883,4.47784E-07,0.07
1047,휴온스글로벌,0.5732965,4.39812E-07,0
1048,흥아해운,0.55802734,4.28098E-07,0.1
1049,크리스에프앤씨,0.545381,4.18396E-07,0.02
1050,호텔신라우,0.53958,4.13946E-07,0.14
1051,미래산업,0.48769903,3.74144E-07,0.04
1052,참엔지니어링,0.4619359,3.5438E-07,0.06
1053,국동,0.46185295,3.54316E-07,0.14
1054,영풍제지,0.4585903,3.51813E-07,0.07
1055,디바이스이엔지,0.442677,3.39605E-07,0
1056,라이온켐텍,0.43245,3.31759E-07,0
1057,에이엔피,0.4301255,3.29976E-07,0.15
1058,대주전자재료,0.430048,3.29917E-07,0.02
1059,코윈테크,0.4237775,3.25106E-07,0
1060,DI동일,0.41496,3.18342E-07,0
1061,성창기업지주,0.4010574,3.07676E-07,0.04
1062,TCC스틸,0.3886608,2.98166E-07,0
1063,한솔PNS,0.32394185,2.48516E-07,0.09
1064,삼아알미늄,0.3112518,2.38781E-07,0.06
1065,한국전자홀딩스,0.27966149,2.14546E-07,0.08
1066,태원물산,0.2790372,2.14067E-07,0.09
1067,씨아이에스,0.2619225,2.00937E-07,0.02
1068,엔케이,0.2611882,2.00374E-07,0.03
1069,유니온머티리얼,0.2511512,1.92674E-07,0.03
1070,피앤이솔루션,0.249116,1.91112E-07,0.02
1071,삼지전자,0.2099856,1.61093E-07,0.01
1072,미래컴퍼니,0.20519,1.57414E-07,0
1073,상신이디피,0.188925,1.44936E-07,0.02
1074,신영증권우,0.174768,1.34075E-07,0
1075,케이비아이동국실업,0.16228268,1.24497E-07,0.03
1076,DRB동일,0.1616924,1.24044E-07,0.02
1077,비상교육,0.1614606,1.23867E-07,0.02
1078,디에이테크놀로지,0.1600749,1.22803E-07,0.02
1079,넥센타이어1우B,0.1496056,1.14772E-07,0.07
1080,한익스프레스,0.1342404,1.02984E-07,0.03
1081,대림B&Co,0.11189,8.58378E-08,0.02
1082,이화산업,0.111755,8.57343E-08,0.03
1083,대보마그네틱,0.109556,8.40473E-08,0.01
1084,성안,0.1062006,8.14731E-08,0.03
1085,금비,0.097002,7.44163E-08,0.02
1086,엘브이엠씨홀딩스,0.0958464,7.35298E-08,0
1087,고려산업,0.0938784,7.202E-08,0.01
1088,MH에탄올,0.089951,6.9007E-08,0.02
1089,이노메트리,0.07191,5.51667E-08,0.01
1090,이노메트리,0.07191,5.51667E-08,0
1091,대림통상,0.0121128,9.29249E-09,0
1092,씨아이테크,0.011908,9.13537E-09,0
1093,MTRON,0,0,0