,Code,Name,Min,Max,Mean,Std,Current,M/C,Cdf,C/M,Max/Current
169,049520,유아이엘,2595.0,8200.0,5087.033398153713,1200.856287571705,2645.0,1.923264044670591,0.02099714518530671,0.5199494072439107,3.100189035916824
331,043200,파루,960.2582327924761,4416.217725849592,2203.254621335638,571.9454736434902,1095.0,2.0121046770188475,0.02633035696840746,0.496992035961871,4.033075548721088
117,038060,루멘스,925.0,5307.242113803592,2695.8068560671245,967.4378211909585,925.0,2.914385790342837,0.03359440445506237,0.34312547203380506,5.737559041949829
565,330350,위더스제약,8600.000326038611,22933.33420276963,13660.341753178913,1821.4239547549266,10350.0,1.319839782915837,0.03457433779675778,0.7576677206916467,2.215781082393201
545,262260,에이프로,30400.0,53700.0,39443.06246569028,4146.712033872712,32200.0,1.2249398281270274,0.040344683559010476,0.8163666304564791,1.6677018633540373
231,099440,스맥,1082.5093818502783,3853.9137125512157,2554.9021252326506,622.9210637465902,1565.0,1.6325253196374765,0.05601559998087876,0.6125479268046287,2.462564672556687
211,088910,동우팜투테이블,2010.0,5010.0,3718.4398505290874,437.12452880457835,3050.0,1.2191606067308483,0.06311054762417652,0.8202364762108558,1.6426229508196721
505,289010,아이스크림에듀,6160.0,13300.0,8561.17938636551,1073.026283682931,6930.0,1.2353794208319637,0.06423447641416308,0.8094679117501828,1.9191919191919191
501,100590,머큐리,4490.0,15100.0,10017.279102384291,1363.5812488712766,8020.0,1.2490372945616324,0.07149722427280361,0.8006166063687989,1.8827930174563592
299,037950,엘컴텍,1225.0,3015.0,1922.9495524816925,382.02489907283183,1365.0,1.4087542509023387,0.07207556753390236,0.7098470150911541,2.208791208791209
531,204270,제이앤티씨,4900.0,14950.0,10747.590361445784,1729.989521596709,8230.0,1.3059040536386128,0.07279818321674068,0.7657530407488369,1.8165249088699877
194,111870,KH 일렉트론,331.5385535437303,2438.2994149512438,1207.6435775413956,301.980717101315,778.0,1.5522411022382978,0.0774040742700791,0.6442298162044684,3.1340609446674086
74,122990,와이솔,7456.030076481162,18090.367879934187,13043.891797000928,1862.779552090379,10400.0,1.2542203650962431,0.0779019706086195,0.7973080551305388,1.7394584499936718
385,214430,아이쓰리시스템,10398.460057747834,29200.0,20461.028416149336,2489.97053582765,16950.0,1.207140319536834,0.07925976441607147,0.8284041083009211,1.7227138643067847
351,067080,대화제약,5815.028244071839,33431.51759849382,17920.51651888158,5876.702371767416,9790.0,1.8304919835425517,0.08325322830261661,0.5463012179188568,3.414863901786907
573,290520,신도기연,14100.0,26950.0,18904.98489425982,2630.8451660350356,15350.0,1.2315951071179034,0.08830431201494898,0.8119551581689319,1.755700325732899
590,195940,HK이노엔,49750.0,69600.0,61117.79661016949,4228.115691741054,55500.0,1.1012215605435944,0.09197741325226383,0.9080824747985967,1.2540540540540541
2,086900,메디톡스,100255.18102182406,771914.967565151,364609.1459841722,163999.90200664476,153700.0,2.37221305129585,0.09921592144533792,0.4215472971340993,5.0222183966503
354,217480,에스디생명공학,2360.0,22098.787485167344,8507.151126326879,4268.255613363906,3110.0,2.7354183685938516,0.10302775156921301,0.36557479158628753,7.105719448606863
315,234920,자이글,1650.0,13050.0,6423.010577705451,2269.120038668739,3570.0,1.7991626268082497,0.10431884682487647,0.5558141243596305,3.6554621848739495
454,219550,디와이디대양,1531.2636465514672,23387.731563892605,11346.8855396894,5681.623156890547,4210.0,2.695222218453539,0.10453351941928168,0.37102692058311193,5.555280656506557
80,016250,SGC이테크건설,38553.22549570285,218550.40417498458,132588.84549138544,51100.70846260454,69300.0,1.9132589536996456,0.10776312008743166,0.5226684020301131,3.1536854859305135
15,108230,톱텍,7209.592245480363,34158.69560843636,17131.757858771216,7237.636843700966,8330.0,2.0566335964911424,0.11197163406045696,0.48623148124494175,4.100683746510968
142,001540,안국약품,6340.0,19750.0,12271.692432872254,1902.696586285432,9990.0,1.2283976409281536,0.11522727095390489,0.8140686424995243,1.976976976976977
440,227610,아우딘퓨쳐스,1050.5505065006082,12489.37726612311,4513.711500847048,2615.549383544439,1390.0,3.247274461041042,0.11618324370748917,0.30795056346404753,8.985163500807992
585,198080,엔피디,2450.0,6190.0,4208.832923832924,498.46938292274365,3615.0,1.1642691352234922,0.11676541817685976,0.8589079361002221,1.7123098201936375
188,007820,에스엠코어,5386.927008787984,18318.907318608126,10657.14646560052,3210.31553903994,6860.0,1.553519892944682,0.11844512121554629,0.6436995139499048,2.6703946528583273
422,092730,네오팜,20200.0,57090.90700409059,36846.29338348971,9498.187809861729,25900.0,1.422636810173348,0.12456579242118254,0.7029200937645851,2.2042821237100614
540,332570,와이팜,7850.0,18800.0,11670.320512820514,2535.3377521584757,8850.0,1.3186802839345213,0.13298218718314853,0.7583339283850662,2.1242937853107344
508,131030,디에이치피코리아,4855.0,16150.0,8999.589096826689,1956.890319125279,6890.0,1.3061812912665731,0.14050988470878933,0.7655905092855247,2.343976777939042
284,090470,제이스텍,5230.0,28450.0,12341.86330349878,5412.416629642418,6510.0,1.8958315366357572,0.14062911948291346,0.5274730273632579,4.370199692780338
518,299910,베스파,4542.123088624277,32758.740067523537,17726.234668152036,6789.862100826251,10550.0,1.6802118168864488,0.14527762559511387,0.595163056199111,3.1050938452628944
173,046070,코다코,974.0,3840.0,2281.6840236926523,831.0286445682666,1420.0,1.6068197349948257,0.14989391791555434,0.6223473475095327,2.704225352112676
359,027050,코리아나,2600.0,8240.0,5233.413344182262,1066.4166290560763,4145.0,1.2625846427460223,0.15371565411128996,0.7920261075131396,1.9879372738238843
353,016100,리더스코스메틱,2047.178529968283,23479.944184811455,10067.160266670167,5947.864599321305,4025.0,2.501157830228613,0.15484952956935055,0.39981483292023884,5.833526505543219
65,192440,슈피겐코리아,28200.0,83500.0,54254.47518307567,9446.198819569596,44700.0,1.2137466483909547,0.15589757777273794,0.8238951690006185,1.8680089485458613
179,101330,모베이스,1995.0,7650.0,4724.155097740423,1087.7188985122668,3625.0,1.3032151993766685,0.15612456472628644,0.7673329780670934,2.110344827586207
72,054950,제이브이엠,6414.749031670423,34665.82742012914,20211.898025323277,5181.163931539925,15000.0,1.347459868354885,0.15722416736989941,0.7421371303776942,2.311055161341943
360,255440,야스,7510.0,31141.713891867053,18817.361765228077,4925.243951033312,13950.0,1.348914821880149,0.16151563846215417,0.7413366535673295,2.232380924148176
552,348350,위드텍,12200.0,36750.0,22426.884920634922,3539.6570779853614,18950.0,1.1834767768145078,0.1629844015836231,0.844967995647231,1.9393139841688654
150,063570,한국전자금융,3865.0,14863.651110258346,7916.249454584179,2479.880749248617,5520.0,1.4341031620623512,0.166953025483979,0.6972999059300048,2.692690418525063
12,046890,서울반도체,10000.0,33150.0,18681.529698942228,3846.1099392282435,15000.0,1.245435313262815,0.16923097621679367,0.8029321068311296,2.21
516,290740,액트로,5126.560229293341,14549.230060453983,9666.19137440092,1961.2549576034867,7800.0,1.2392553044103742,0.17066789965517515,0.8069362272980468,1.8652859051864081
347,267980,매일유업,56600.0,101500.0,77474.69141455526,8256.192938858307,69700.0,1.1115450705101184,0.1731782597244388,0.8996486301190402,1.4562410329985653
125,023910,대한약품,22700.0,49450.0,35092.88039056143,5734.187307234055,29850.0,1.1756408841059107,0.18027444230465944,0.850599884300989,1.6566164154103853
278,222040,코스맥스엔비티,2860.0,35450.0,14767.009764035802,7556.906371356075,7980.0,1.8505024766962157,0.184560753006641,0.5403937647169997,4.442355889724311
200,069510,에스텍,6670.0,15400.0,10992.888527257934,1303.9236221812516,9840.0,1.1171634682172698,0.18830256081043995,0.8951241500903757,1.565040650406504
343,049950,미래컴퍼니,10761.835742437552,150476.00506367502,51626.630438463486,30675.767003524084,25300.0,2.0405782782001376,0.19538483414458402,0.4900571620717415,5.947668184334981
292,064240,홈캐스트,1985.0,28623.696582020428,6940.387664958433,4581.053930070243,3010.0,2.305776632876556,0.19545567028636407,0.43369335335507186,9.509533748179544
337,065690,파커스,1336.7839084295188,5111.852656898752,3366.3941603508356,635.06020770692,2825.0,1.1916439505666674,0.19696598993917436,0.8391768359369977,1.8095053652738944
187,123330,제닉,2010.0,19350.0,8796.285377194003,4235.470089677508,5190.0,1.694852673833141,0.19726008257333738,0.5900217850430405,3.7283236994219653
483,066700,테라젠이텍스,4277.122266792325,20550.562028253917,8910.376716657587,2845.292709026123,6500.0,1.3708271871780904,0.19845703272282306,0.7294865533405017,3.1616249274236794
352,049960,쎌바이오텍,10050.0,52100.0,27659.519934906428,10491.546489127291,18800.0,1.4712510603673632,0.19921076638026736,0.679693647765532,2.771276595744681
232,011560,세보엠이씨,3350.0,17300.0,8899.19853539463,2759.9739671442217,6570.0,1.3545203250220137,0.1993569235301868,0.7382687299164359,2.6331811263318112
145,015710,코콤,3085.0,10050.0,7342.668836452401,1140.0651790814861,6390.0,1.1490874548438812,0.2016824881581199,0.8702557806062405,1.5727699530516432
47,168330,내츄럴엔도텍,1681.6807161229701,20650.699837662567,9554.208127464864,4741.0008340299955,5600.0,1.7061085941901544,0.20212780801466967,0.5861291616520308,3.687624971011173
61,078150,HB테크놀러지,1635.0,5994.828472503744,3237.5052207939993,920.8621426057623,2470.0,1.3107308586210524,0.20229161506127252,0.7629331326280399,2.427056061742406
362,067390,아스트,2738.3107123762634,13852.725378620858,8019.123152446193,2209.5894176884153,6190.0,1.2954964705082703,0.20388867886997442,0.7719048432510693,2.237920093476714
245,081580,성우전자,1280.0,5550.0,3488.6615134255494,919.9186619570917,2755.0,1.2663018197551903,0.21257202742434772,0.789701147387853,2.014519056261343
7,036830,솔브레인홀딩스,18836.47373628462,89713.22606178881,47798.42146836056,12937.147009975497,37500.0,1.274624572489615,0.21300585412429873,0.784544737001881,2.3923526949810348
286,228850,레이언스,7210.0,21800.0,15331.147274206673,3184.2794175565696,12800.0,1.1977458807973962,0.21333916533223984,0.8349016398488907,1.703125
302,096630,에스코넥,1001.1593347412546,3910.9327706887434,2103.9751252586852,433.2428104443368,1760.0,1.1954404120787985,0.21361092894392997,0.8365117908813712,2.222120892436786
369,241710,코스메카코리아,5990.0,41400.0,22291.93246541904,8943.3041066015,15200.0,1.466574504303884,0.2138924192420178,0.6818610285841934,2.723684210526316
58,035810,이지홀딩스,1982.9045540816917,8429.567342015442,5098.334547334521,1022.4857834114238,4295.0,1.1870394755144402,0.2160309540211961,0.8424319667773635,1.9626466454052252
445,255220,SG,810.0737381304286,4870.481034870916,2345.1639153245437,737.3320805668361,1775.0,1.321219107225095,0.21967843941084764,0.7568767318997234,2.7439329773920655
529,092190,서울바이오시스,6130.0,25850.0,17026.755447941887,3471.3759660711085,14350.0,1.1865334806928145,0.22032575616519517,0.8427912201989463,1.8013937282229966
339,08537M,루트로닉3우C,12261.248142556731,170027.48838078402,60660.01611061953,47711.80075488578,24000.0,2.527500671275814,0.22113556781853327,0.39564776831304543,7.0844786825326675
6,102940,코오롱생명과학,11200.0,127177.65928437564,53803.640375790514,29968.249563599977,30900.0,1.7412181351388516,0.22235510530660418,0.5743105816665849,4.1157818538632895
104,052330,코텍,6900.0,18300.0,12810.374288039056,2583.803005367005,10850.0,1.180679657883784,0.22401104573476122,0.8469697883949073,1.6866359447004609
166,039980,리노스,697.0421068238812,3547.8809996565565,1800.2132518439814,654.8122211253155,1305.0,1.3794737562022845,0.2247443917506855,0.7249141170710036,2.7186827583575144
134,007720,대명소노시즌,728.0,3750.0,1913.0992676973149,684.7585607751377,1400.0,1.3664994769266534,0.2268339455361949,0.7317968406757573,2.6785714285714284
380,054800,아이디스홀딩스,7620.0,16450.0,13694.389250814333,1299.4441297740846,12750.0,1.0740697451619083,0.23368526116095362,0.9310382351839331,1.2901960784313726
210,053620,태양,5540.0,13000.0,10014.117168429617,1412.0695899908728,9000.0,1.1126796853810685,0.23632380231304628,0.8987312459627784,1.4444444444444444
136,050110,캠시스,1076.8152878575536,3424.279129145844,2131.8034982812364,434.4700757349037,1830.0,1.1649199444159761,0.24363815706218483,0.8584280875209348,1.8711907809540131
436,200780,비씨월드제약,10806.979995465783,31970.64915325294,19226.631771462624,3633.4711342734763,16750.0,1.1478586132216493,0.24774092270618858,0.8711874341329718,1.9086954718359963
434,241770,메카로,7224.557190286324,42937.009449956044,17316.852605998258,8357.204884732657,11700.0,1.4800728723075434,0.2507609626696438,0.6756424083639381,3.6698298675176106
78,014620,성광벤드,4095.0,14150.0,9722.676973148902,1795.8307085697963,8570.0,1.134501397100222,0.26048112650910216,0.8814444852655037,1.6511085180863476
8,056190,에스에프에이,19425.0,47750.0,38038.445890968265,4418.953793788552,35250.0,1.079104847970731,0.2640138962489512,0.9266940111338684,1.3546099290780143
248,154040,솔루에타,1168.899044325962,7927.801564908642,3762.5912659753467,940.0647184343748,3170.0,1.1869373078786583,0.2642253383107499,0.8425044805333821,2.50088377441913
458,204020,그리티,1320.0,7600.0,3434.62392108508,1002.0646188571607,2805.0,1.224464856001811,0.2648949832298402,0.816683300544251,2.7094474153297683
386,002800,신신제약,4310.0,13800.0,8135.282363162468,1528.797035817199,7200.0,1.1299003282170095,0.27034276291407366,0.8850338167243539,1.9166666666666667
310,078140,대봉엘에스,4400.0,15250.0,9618.205858421481,2037.20396001205,8380.0,1.1477572623414656,0.27166115679570624,0.8712643629542056,1.8198090692124105
92,018120,진로발효,21100.0,41988.63636363636,33548.60384270335,3009.200827841052,31750.0,1.0566489399276646,0.27501956285955415,0.9463881164433453,1.3224767358625624
358,265520,AP시스템,17599.786839195123,51023.06133703142,27248.309179811073,6606.499629143617,23550.0,1.1570407295036549,0.2878084126215059,0.8642738103342119,2.1665843455215037
294,141000,비아트론,5030.0,26750.0,13518.502847843776,5058.87513449551,10700.0,1.263411481106895,0.2887158119664883,0.7915077668313446,2.5
212,065130,탑엔지니어링,5660.0,15000.0,8290.284784377543,1502.0605283689242,7460.0,1.1112982284688395,0.29021255725145706,0.8998484604603504,2.0107238605898123
462,021040,대호특수강,491.63024618248573,2375.7280140968246,978.3614699201862,259.221132491714,837.0,1.1688906450659333,0.2927627438456554,0.8555120226354394,2.8383847241300173
572,041920,메디아나,3065.51952,13137.9408,6343.99139280716,2099.2275418669533,5200.0,1.2199983447706078,0.2928911119893561,0.8196732432354461,2.526527076923077
73,054050,농우바이오,6530.0,19650.0,12877.411333501785,1991.611823121855,11800.0,1.0913060452120156,0.2942625581888631,0.916333236114094,1.6652542372881356
36,025770,한국정보통신,6370.0,14874.448004342239,9959.114703705205,1536.9941875835548,9130.0,1.0908121252689162,0.29479196683089526,0.9167481519821495,1.629183790179873
243,170920,엘티씨,4810.52018595492,16651.317467484638,11079.95588605017,1667.707493123875,10200.0,1.0862701849068794,0.29887321694911095,0.9205812825339812,1.6324821046553566
447,260660,알리코제약,4044.322409423201,17627.61685718314,8521.055166585465,1730.7176917408765,7610.0,1.1197181559245026,0.29930407943942816,0.8930818837838201,2.3163754083026467
424,010170,대한광통신,802.4262006702456,7290.0,3712.22917687329,1463.709204996366,2960.0,1.2541314786734088,0.30365402348810133,0.7973645642463076,2.4628378378378377
110,093920,서원인텍,3290.0,12750.0,7420.386493083808,2221.2905783351434,6280.0,1.181590205905065,0.3038395651083475,0.8463171030044448,2.0302547770700636
252,091590,남화토건,5460.0,19300.0,10574.751830756713,3357.258174549115,8900.0,1.1881743630063724,0.3089442520031349,0.8416273159351418,2.168539325842697
376,225190,삼양옵틱스,7486.05175688509,19685.818296929407,13066.066584258124,3063.223547401419,11550.0,1.1312611761262445,0.31032645420258886,0.8839691674245203,1.7043998525480006
31,005990,매일홀딩스,6210.0,53684.462452501415,14508.465284753967,9560.188836329111,9910.0,1.4640227330730542,0.3152577120739035,0.6830495028591201,5.417201054742827
57,023410,유진기업,2700.0,10840.981651569457,5404.603120169109,1103.5793206541744,4895.0,1.104106868267438,0.32212206188493475,0.9057094279009402,2.2147051382164364
490,236200,슈프리마,15601.010423210686,47150.0,26498.977251502372,5038.067802897186,24200.0,1.0949990599794368,0.3240795030630156,0.9132427931205522,1.9483471074380165
135,041440,현대에버다임,2190.0,13500.0,7103.779495524817,2698.609383598704,5930.0,1.1979392066652306,0.33179675872570674,0.8347669017226301,2.2765598650927488
84,171120,라이온켐텍,5956.407508033419,17182.80888170667,9648.133051789628,2553.667129169867,8570.0,1.1258031565682178,0.3364431233456746,0.8882547487682454,2.0049952020661226
344,003380,하림지주,3694.0402702697434,14589.033441186237,10135.76179408884,2252.744183545969,9190.0,1.102912055940026,0.33730608794251055,0.9066906056690869,1.5874900371258147
71,038540,상상인,4750.0,27357.136027263292,10906.541172343159,5176.117546778285,8740.0,1.2478880059889197,0.33776706967767556,0.801353963817871,3.13010709694088
143,026040,제이에스티나,1390.0,11150.0,5363.978844589097,2424.0711128468165,4370.0,1.2274551131782832,0.34088637719162135,0.8146937425766003,2.551487414187643
511,036670,KCI,5870.0,14050.0,9288.291293734743,1268.9323308812552,8770.0,1.059098209091761,0.34147285651452136,0.9441995004953874,1.6020524515393386
297,215360,우리산업,11250.0,42650.0,26407.93327908869,6304.789823254571,23850.0,1.107250871240616,0.34247685619004675,0.9031376953260403,1.7882599580712788
558,234690,녹십자웰빙,5200.0,17100.0,11572.03125,1915.8525448429516,10800.0,1.071484375,0.34348511831723133,0.933284724753919,1.5833333333333333
283,115960,연우,14250.0,43100.0,25819.039869812856,5240.785264146127,23750.0,1.0871174682026465,0.346496807338318,0.9198637950812439,1.8147368421052632
221,031510,오스템,914.6428571428571,7242.857142857143,3189.514064861095,1000.9499097808867,2800.0,1.1391121660218197,0.3485846604907741,0.8778766743334431,2.5867346938775513
206,019540,일지테크,1410.0,7300.0,4165.7607811228645,1196.6202111356854,3710.0,1.1228465717312304,0.3516486040409966,0.8905936262139335,1.9676549865229112
30,030530,원익홀딩스,2735.0,9190.0,5672.339300244101,1435.4301411619401,5130.0,1.1057191618409552,0.35278084190289993,0.9043887765633551,1.7914230019493178
53,080420,모다이노칩,1715.0,6700.0,4060.2644426362895,891.35519240982,3725.0,1.0900038772177958,0.35341053729359584,0.9174279292955102,1.7986577181208054
304,067170,오텍,6730.0,19250.0,11683.462887318065,1841.198705627566,11000.0,1.0621329897561878,0.35524227866105595,0.9415016854241103,1.75
487,148150,세경하이테크,13911.71850026319,39072.48138431186,24224.174117215643,4803.537170074414,22500.0,1.0766299607651397,0.35982057274727386,0.9288242352918729,1.7365547281916383
549,297090,씨에스베어링,3303.4511085132144,37900.0,21462.667880419427,10052.973092198637,18000.0,1.1923704378010793,0.3652568893578812,0.838665542433406,2.1055555555555556
5,034230,파라다이스,9790.0,27250.0,17131.684296175754,3001.1676356249905,16100.0,1.0640797699488045,0.36551302755016646,0.9397791671653644,1.6925465838509317
488,239610,에이치엘사이언스,19263.57089935953,110908.57898987689,42415.10881687655,17726.80396712671,36350.0,1.166853062362491,0.366121492307831,0.8570059352420356,3.051130096007617
527,084850,아이티엠반도체,24329.938493977323,71166.63356868649,50787.25129919844,8760.477875623037,47800.0,1.0624947970543608,0.36655486971301676,0.9411810794484641,1.4888417064578763
308,228340,동양파일,1075.0,8290.0,5073.860862489829,1642.9115965299566,4520.0,1.1225355890464224,0.368012645904925,0.8908403526426146,1.834070796460177
377,022220,정산애강,1100.0,3480.0,2323.6574450772987,398.72504954399085,2190.0,1.0610307968389492,0.36873256276735544,0.9424797121621976,1.5890410958904109
77,052260,현대바이오랜드,11550.0,44000.0,20107.078925956062,4714.569853483427,18550.0,1.0839395647415666,0.37059814444921446,0.9225606597711197,2.371967654986523
471,021045,대호특수강우,1000.0,3315.0,1637.013832384052,360.69489435223045,1520.0,1.076982784463192,0.3728129836769067,0.9285199489037672,2.1809210526315788
346,089600,나스미디어,16771.246622821036,85405.7504651267,38596.44173077572,12679.719477285806,34500.0,1.11873744147176,0.37332097264649294,0.8938647826825619,2.4755289989891796
208,101170,우림피티에스,1640.0,10600.0,4517.347436940602,1378.6710994739744,4080.0,1.1071929992501477,0.3755368542420548,0.9031849015277872,2.5980392156862746
93,088130,동아엘텍,4660.0,26404.071185633828,11980.616239425077,5553.906249534861,10250.0,1.1688406087243977,0.3776709634428109,0.8555486458426012,2.5760069449398855
99,019210,와이지-원,3190.0,20276.251167706592,9290.556123745655,3456.3519004368873,8220.0,1.1302379712585955,0.37838091578411237,0.8847694250498709,2.466697222348734
168,040610,SG&G,819.0,6330.0,2549.99918633035,857.3415595161619,2285.0,1.1159733857025602,0.37862498748554985,0.8960787172988456,2.7702407002188183
485,179900,유티아이,1727.274795696523,25940.793563480234,12884.901704614973,5419.945408422678,11350.0,1.1352336303625528,0.3885136617657723,0.8808759476942521,2.285532472553325
348,237880,클리오,10340.916627896308,41900.050721519656,24124.35424925549,7987.385195163963,21900.0,1.101568687180616,0.39032065003977334,0.9077963195916783,1.913244325183546
446,217620,디딤,379.9486284637912,3729.392483357958,1879.7682886522648,812.5631447660999,1670.0,1.1256097536839909,0.3981431442834391,0.8884073691855595,2.233169151711352
390,033320,제이씨현시스템,1950.0,13450.0,6664.853539462978,1656.3523642110722,6250.0,1.0663765663140765,0.40111499410717266,0.9377550403761152,2.152
428,200670,휴메딕스,10650.0,43592.624363742194,27847.865365728416,5567.0017934706,26500.0,1.0508628439897516,0.4043447813254745,0.9515989700457544,1.6450046929714035
69,038290,마크로젠,19627.667126030196,51417.19805169142,30467.279158671397,6084.008171279809,29000.0,1.0505958330576344,0.4047117501852968,0.9518408207365707,1.7730068293686696
306,065510,휴비츠,5400.0,14748.758717485025,10203.223601757565,2325.5458176781995,9660.0,1.0562343273040957,0.40765175372588025,0.9467596102016238,1.5267866167168762
326,024120,KB오토시스,4195.0,14400.0,6769.918633034988,1274.009320638727,6480.0,1.04474052978935,0.4099926120703117,0.9571754626975456,2.2222222222222223
338,083550,케이엠,4817.241546672588,20554.27789979725,8880.669166195963,3567.059672433462,8080.0,1.0990927185886092,0.41119893591987955,0.9098413474016475,2.5438462747273825
247,073110,엘엠에스,5390.0,27350.0,10548.327841845141,3591.9777687844667,9750.0,1.0818797786507837,0.41205846808026503,0.9243171189012367,2.805128205128205
457,039010,현대에이치티,4190.0,13850.0,9201.208299430431,1678.7910888773297,8830.0,1.0420394450091088,0.4125008871325022,0.9596565703818042,1.5685164212910532
465,024840,KBI메탈,745.0,3413.247076372663,2049.9655197117836,461.9174602209058,1955.0,1.048575713407562,0.41855567165031293,0.9536745770606252,1.7459064329271932
75,031980,피에스케이홀딩스,1760.662620270151,28476.170703671833,12379.80718005854,7326.44222847888,11000.0,1.1254370163689582,0.4253080049769943,0.888543726086369,2.5887427912428937
240,037350,성도이엔지,2465.0,9570.0,5561.6296561811805,1349.969759655395,5320.0,1.0454191083047333,0.428973193066865,0.9565541628769484,1.7988721804511278
409,238490,힘스,4534.7537524853615,16600.643763089807,10147.463191558063,2613.4274892812923,9680.0,1.048291652020461,0.4290199773445085,0.9539329995355925,1.7149425375092775
130,004650,창해에탄올,8880.0,22000.0,14817.64245857636,2104.5510492196468,14450.0,1.0254423846765648,0.43066190492170153,0.975188869646158,1.5224913494809689
293,068790,DMS,2252.4653644086097,10839.323053810838,6755.833395431933,1848.5909058617535,6450.0,1.0474160302995246,0.4342983004032162,0.9547304710565053,1.6805152021412153
460,048470,대동스틸,3560.0,18500.0,6656.830756712775,2556.951664895185,6280.0,1.0600048975657286,0.4414180177893267,0.9433918676191703,2.945859872611465
237,065530,와이어블,1385.0,6000.0,3188.633768352365,1290.2593590127499,3000.0,1.0628779227841216,0.44188241046404464,0.9408418206491503,2.0
456,038460,바이오스마트,2839.613740678422,15100.0,5400.143334465521,1833.7434207524116,5150.0,1.048571521255441,0.4457480682572371,0.9536783898180957,2.9320388349514563
68,013030,하이록코리아,6800.0,32900.0,19050.0,4473.029054799603,18450.0,1.032520325203252,0.44664700606509017,0.9685039370078741,1.7831978319783197
234,071850,캐스텍코리아,1320.0,5652.919366356396,3577.735567945077,743.7385539433625,3480.0,1.0280849333175508,0.4477250187979103,0.972682282944345,1.6244021167690792
112,100700,세운메디칼,1845.0,8160.0,4155.707892595607,911.937919399291,4045.0,1.0273690710990375,0.4516877037252385,0.9733600398640002,2.0173053152039553
515,080000,에스엔유,1990.0,5562.981766967622,3511.8459630015955,710.7742846767394,3430.0,1.023861796793468,0.4541629450198869,0.9766943186392945,1.6218605734599483
89,078070,유비쿼스홀딩스,4668.912723192652,51400.0,17512.51615784704,10889.536886638778,16300.0,1.0743874943464442,0.45567063350585785,0.9307628814204557,3.1533742331288344
455,066360,체리부로,677.8939906052124,2720.495620191971,1569.985683185518,315.7452223158557,1535.0,1.022791976016624,0.4558860755746001,0.9777159221512571,1.7723098502879289
116,014470,부방,1210.0,4515.0,2625.3788447753195,544.6707664535124,2570.0,1.021548188628529,0.45950772790510885,0.9789063415036169,1.7568093385214008
443,016790,현대사료,6420.0,34200.0,16726.579881656806,4505.598467943422,16300.0,1.0261705448869205,0.4622853996025579,0.9744968855154535,2.098159509202454
267,056360,코위버,4810.0,12200.0,8045.3213995117985,1553.9205429443164,7900.0,1.018395113862253,0.46274555024003383,0.9819371542421392,1.5443037974683544
379,040910,아이씨디,5826.1015732106425,19478.411786101984,12872.748707176415,3079.0425078213116,12600.0,1.021646722791779,0.4647069324990827,0.9788119294968944,1.5459056973096812
394,002230,피에스텍,1985.0,7447.53336058739,4895.586610891351,806.6291344649632,4830.0,1.013579008466118,0.4675979099038319,0.9866029107226011,1.5419323727924203
185,095910,에스에너지,1205.7514488699064,6923.0446011116655,4334.845429015186,1157.1911597954556,4245.0,1.0211650009458624,0.46905683088227074,0.9792736718098857,1.630870341840204
98,011370,서한,596.0,2870.0,1845.3018714401953,525.6217157951024,1805.0,1.0223279066150666,0.4694411779322329,0.9781597406560147,1.5900277008310248
186,039830,오로라,6200.0,14450.0,10497.502034174126,1292.1585201046041,10400.0,1.0093751955936658,0.46992566879470926,0.9907118823262228,1.3894230769230769
159,053350,이니텍,2770.0,10700.0,6126.489015459723,1328.972158951606,6030.0,1.016001495101115,0.4710605257356027,0.9842505201239665,1.7744610281923714
575,065950,웰크론,2441.9433421809595,9190.0,4172.1732614754155,1449.6045401641145,4080.0,1.0225914856557392,0.4746502948560211,0.9779076141620205,2.252450980392157
235,122690,서진오토모티브,1090.0,4760.0,2852.431621265122,752.420645934649,2805.0,1.0169096689002217,0.47486784272101146,0.9833715133041174,1.696969696969697
163,093190,빅솔론,3504.4614025590336,7395.951068940774,5781.450975078066,823.5162435484067,5730.0,1.0089792277623153,0.475091415869174,0.9911006812476911,1.2907418968483027
370,020710,시공테크,3745.0,10100.0,6349.959316517494,1178.9506658934492,6290.0,1.0095324827531786,0.4797192543498892,0.9905575274535181,1.6057233704292528
202,004780,대륙제관,2530.0,7600.0,5624.035801464605,1071.3224849667756,5570.0,1.0097012210887981,0.4798865147593367,0.9903919883563804,1.3644524236983842
534,206640,바디텍메드,8013.847359511142,38085.38556093357,16960.447716781273,5438.635310887945,16700.0,1.0155956716635492,0.4809025794054099,0.9846438183041845,2.280562009636741
444,263770,유에스티,219.280054170071,19389.066703819703,4627.6634192669135,2687.7499887716726,4510.0,1.0260894499483177,0.4825408152830615,0.9745739029383531,4.299127872243837
152,005710,대원산업,3165.0,9054.545454545454,6587.250536282269,1138.302916984405,6560.0,1.0041540451649802,0.49045038661935014,0.995863139540211,1.3802660753880265
566,263690,디알젬,4780.0,23300.0,12058.600823045268,4350.786049486451,12000.0,1.004883401920439,0.4946268010261545,0.995140329802337,1.9416666666666667
32,091700,파트론,6250.0,18250.0,10272.384052074858,2036.258007530185,10250.0,1.0021838099585227,0.49561462010213486,0.9978209486754599,1.7804878048780488
400,238090,앤디포스,3188.689456739645,22667.461671281337,8927.699375137894,3297.978580222049,8920.0,1.0008631586477459,0.49906864055957273,0.9991375857525697,2.5411952546279526
477,058820,CMG제약,1800.1484748133237,6999.237761037254,3872.605804930614,1002.4741173585954,3890.0,0.9955284845579985,0.5069218063039523,1.0044915996994168,1.7992899128630473
289,243070,휴온스,25922.369655581646,80479.88700578499,49405.72701545951,12567.658858332892,49700.0,0.9940790143955636,0.5093404197354227,1.0059562524896843,1.6193136218467803
404,087260,모바일어플라이언스,1062.7664964001788,6584.531553783717,3601.36055196601,1046.8198204263426,3635.0,0.9907456814211857,0.512817763357539,1.0093407609564742,1.8114254618387116
449,234300,에스트래픽,1722.9653378251198,14367.58471076761,5857.222527811814,2320.02363196648,5940.0,0.9860643986215175,0.5142310740944963,1.0141325469188056,2.4187853048430323
0,068270,셀트리온,74472.27867348492,394908.663294743,206270.33523192554,74451.79123083752,209000.0,0.9869394030235672,0.5146233522186008,1.0132334335182287,1.8895151353815454
519,308100,까스텔바작,5600.0,19250.0,12017.286432160805,2170.8592475139762,12100.0,0.993164167947174,0.5151967277722291,1.0068828822801323,1.5909090909090908
439,007680,대원,5368.763208853116,17544.934084578603,9598.17585282683,1336.610360767182,9650.0,0.9946296220545937,0.5154642407676079,1.0053993746278265,1.8181278844122903
190,106190,하이텍팜,6750.0,26350.0,13582.717656631408,2677.622450876065,13700.0,0.9914392450095918,0.5174684556041351,1.0086346743216983,1.9233576642335766
95,123420,선데이토즈,10500.0,47650.0,22928.681855166804,5396.781785070814,23200.0,0.9883052523778795,0.5200480036293273,1.0118331331276271,2.0538793103448274
85,014200,광림,1011.3935993293549,5691.194157969602,2249.6273010355567,953.8161528676244,2300.0,0.9780988265371986,0.5210590497689072,1.0223915752361539,2.474432242595479
340,091990,셀트리온헬스케어,35000.25477236302,173237.65625269222,83307.12194639935,29393.809938142484,85000.0,0.9800837876046982,0.5229635920434883,1.0203209283197885,2.0380900735610847
300,109610,에스와이,1865.4099728100484,9653.685341428545,3619.7611138133075,1393.7072808416199,3715.0,0.9743636914706076,0.5272404895674913,1.0263108208503742,2.5985694054989352
184,087600,픽셀플러스,2040.0,16800.0,8016.228641171684,3312.2469290276777,8270.0,0.9693142250509896,0.5305355146924341,1.031657200684738,2.0314389359129383
4,078340,컴투스,71100.0,191500.0,122865.01220504475,25638.39648273419,125000.0,0.982920097640358,0.5331827905870024,1.0173766946068605,1.532
209,080520,오디텍,2405.0,10100.0,6466.712774613507,1560.950957128837,6600.0,0.9798049658505313,0.5340237232603015,1.0206112796457794,1.5303030303030303
178,041520,이라이콤,2260.0,16850.0,7683.1773799837265,2651.024042709794,7910.0,0.9713245739549591,0.5340920517823482,1.0295219814405423,2.1302149178255374
309,090360,로보스타,7010.0,35800.0,19568.07973962571,6014.761027538178,20100.0,0.9735363054540155,0.5352348495392144,1.0271830587084712,1.7810945273631842
129,090460,비에이치,4686.84388731466,27285.784215257627,18056.5819398889,4616.859278303329,18500.0,0.9760314562102108,0.5382568791698786,1.0245571427409272,1.4749072548787907
207,038680,에스넷,3100.0,10300.0,6223.653376729048,1267.080066299067,6350.0,0.9801028939730785,0.5397146209992751,1.020301037931093,1.6220472440944882
381,155650,와이엠씨,3076.9213904146504,16001.966781610703,8409.411482975342,2699.554914310263,8680.0,0.9688262077160532,0.5399209186113707,1.0321768672602665,1.843544560093399
559,053080,원방테크,6656.020466303846,24741.237366062436,15335.831411310131,2263.796263205405,15600.0,0.9830661161096238,0.5464482281834449,1.017225579859664,1.5859767542347716
437,045520,크린앤사이언스,5400.0,40850.0,19471.773799837265,8366.731648603081,20450.0,0.9521649779871523,0.5465377041012189,1.0502381657787598,1.9975550122249388
19,200130,콜마비앤에이치,15300.0,71900.0,33020.42310821806,13085.623883739623,34600.0,0.9543474886768226,0.5480399709363201,1.0478363613514332,2.078034682080925
459,012790,신일제약,4373.556790446374,56467.47767220763,11112.253614444313,6196.624879601706,11950.0,0.929895699953499,0.5537707470210694,1.0753894227600007,4.725311939096873
154,009300,삼아제약,9860.0,31750.0,17870.20341741253,2669.9793593648933,18250.0,0.9791892283513715,0.5565575499506064,1.0212530643169624,1.7397260273972603
318,057540,옴니시스템,958.9696439272408,3630.0,2089.0145576780537,351.65155002662755,2140.0,0.9761750269523616,0.5576400372204293,1.0244064562090063,1.6962616822429906
20,100120,뷰웍스,16400.0,72100.0,38676.24084621644,11016.20128461934,40300.0,0.9597082095835344,0.5585908114000658,1.0419833757949724,1.7890818858560793
382,161580,필옵틱스,2664.5248050523455,16768.82074333388,9650.694852570865,2819.761104003777,10100.0,0.9555143418386995,0.5633001125612226,1.046556766563751,1.660279281518206
56,080160,모두투어,7690.0,40450.0,22572.8831027936,6973.060208512419,23700.0,0.9524423250123881,0.564204838884511,1.0499323410338712,1.7067510548523206
146,053450,세코닉스,2122.4326086137967,14254.919598402006,7452.95123080414,2822.381945486768,7940.0,0.9386588451894383,0.5685039342254314,1.065349786160255,1.7953299242319907
227,066900,디에이피,1930.0,5380.0,3590.561432058584,718.120858403039,3715.0,0.9665037502176539,0.5687857432030983,1.0346571337926034,1.4481830417227457
528,053030,바이넥스,6535.881747982623,36088.633876312895,14454.57600509676,6541.499357675207,15600.0,0.9265753849421,0.5694999187440173,1.0792430019738632,2.313373966430314
174,047310,파워로직스,3029.466898126265,14150.0,7236.079113260048,2336.7698812650146,7650.0,0.9458926945437971,0.5702983463654456,1.0572023716519967,1.8496732026143792
313,190510,나무가,3743.969297447712,14381.429962349495,8341.909494902608,2487.662819675108,8800.0,0.9479442607843872,0.573050121435164,1.0549143460951371,1.6342534048124426
64,035600,KG이니시스,10239.801701407023,25950.0,17201.375952225742,3998.640281472547,18000.0,0.9556319973458746,0.5791517411424476,1.0464279165801804,1.4416666666666667
577,014570,고려제약,4790.0,14350.0,8532.986167615947,2036.961663412549,8940.0,0.9544727256841105,0.5791870460559476,1.0476988740388136,1.6051454138702461
273,022100,포스코 ICT,2950.0,9300.0,6393.498779495525,1263.7345627110014,6650.0,0.9614283878940639,0.5804210739602129,1.0401190692844262,1.3984962406015038
350,041830,인바디,13500.0,50600.0,25543.73474369406,7160.644837799156,27000.0,0.9460642497664468,0.5805773450819209,1.0570106631202567,1.874074074074074
214,085810,알티캐스트,479.0011402433267,4182.323388691733,2281.499146344326,777.2375337170888,2440.0,0.9350406337476747,0.580795297917675,1.0694722388608568,1.7140669625785792
523,032750,삼진,5350.0,15500.0,9547.770545158666,1947.1874169063478,9950.0,0.959574929161675,0.5818269437232926,1.0421281023605338,1.5577889447236182
123,024950,삼천리자전거,3220.0,16250.0,9197.19690805533,2914.320926811763,9800.0,0.9384894804138092,0.5819332554074174,1.065542044817667,1.6581632653061225
491,234340,세틀뱅크,12401.094890510949,50584.703268803554,31024.47661979382,4888.181585129221,32050.0,0.9680023906331925,0.5830867469477837,1.0330552999418494,1.5783058742216398
204,142280,녹십자엠에스,2290.774503992772,19450.0,7159.672724660065,3512.4553799443943,7920.0,0.9039990813964729,0.5856877496269838,1.106195814331169,2.455808080808081
410,036690,코맥스,1881.2069075367046,10250.0,5188.079085970711,1415.672201838905,5530.0,0.9381698166312317,0.5954260662641443,1.065905108299889,1.8535262206148282
103,036190,금화피에스시,19800.0,44700.0,32792.18877135883,4756.124973719602,33950.0,0.9658965764759596,0.596166104774107,1.0353075312146416,1.316642120765832
131,052710,아모텍,15050.0,51000.0,28883.034987794956,7561.603341706642,30750.0,0.9392856906599986,0.597507455242152,1.0646388100486657,1.6585365853658536
463,037760,쎄니트,1000.0,3000.0,1929.0162964084861,267.05292331968906,1995.0,0.9669254618588903,0.5975772314794835,1.0342058818862052,1.5037593984962405
506,046940,우원개발,2785.5153319483134,8650.3117605889,4923.894860544196,1456.5761289202035,5290.0,0.9307929793089217,0.5992268407375846,1.0743527532217334,1.6352196144780529
26,100130,동국S&C,1195.0,10650.0,4885.878763222132,1933.1598811710203,5380.0,0.9081559039446342,0.6008712535569408,1.1011325210312843,1.979553903345725
473,032500,케이엠더블유,2850.3888273898897,86600.0,33345.48466448129,26939.729008482547,40600.0,0.8213173562680122,0.6061455327865128,1.217556152160116,2.1330049261083746
41,095610,테스,10450.0,43499.764414874655,24814.897429693367,6647.703858505632,26650.0,0.931140616498813,0.6087453948679653,1.0739516484203058,1.6322613288883547
587,054540,삼영엠텍,2320.0,7318.7141676923075,4434.46927317206,1033.1233677415462,4720.0,0.939506201943233,0.6088704386979115,1.0643889289199415,1.5505750355280312
250,054040,한국컴퓨터,1595.0,6540.0,3683.946297803092,1243.0188311941627,4050.0,0.9096163698279239,0.6158073528024424,1.0993645597969772,1.614814814814815
433,006620,동구바이오제약,3492.057893429234,14794.853973610812,7783.053722450561,2202.877348306135,8440.0,0.9221627633235261,0.6172330975738705,1.0844072649343854,1.7529447836031768
466,045060,오공,2142.266190468714,12300.0,4042.972953892555,1120.275613848549,4385.0,0.9220006736357024,0.6199335077165419,1.084597906047861,2.805017103762828
399,263600,덕우전자,2082.5,12192.862580828622,7041.373731560232,1720.2552964912768,7570.0,0.930168260443888,0.6206906717066252,1.0750743091607828,1.6106819789733977
59,102710,이엔에프테크놀로지,9360.525862698873,52389.76637189845,25578.608239102374,9949.660080466167,28650.0,0.8927960990960689,0.6212225167214731,1.1200765785294895,1.8286131368899983
37,104830,원익머트리얼즈,14175.0,43098.39784263959,29878.925195827982,5521.236579432512,31600.0,0.9455356074629109,0.6223729880677071,1.0576016303428588,1.3638733494506199
316,009780,엠에스씨,3095.0,9350.0,5767.8478437754275,1079.2240443506385,6110.0,0.9440012837602991,0.6243916045687979,1.0593205933117353,1.530278232405892
140,058400,KNN,616.0,2690.0,1292.907241659886,444.9143106620425,1435.0,0.9009806562089798,0.6252774261308399,1.1099017421835224,1.8745644599303135
203,023900,풍국주정,5000.0,26700.0,15302.313534038516,5574.891669603971,17100.0,0.8948721364934805,0.6264483506043731,1.117478083425928,1.5614035087719298
479,138080,오이솔루션,6191.68475055993,68500.0,27078.059840159818,18673.668142954397,33100.0,0.8180682731166108,0.6264565853785549,1.2223918624667844,2.069486404833837
305,060560,홈센타홀딩스,597.3333356727065,2425.0,1080.64403658885,307.10454818905436,1180.0,0.9158000310075,0.6268511174799746,1.0919414349657415,2.055084745762712
467,008470,부스타,2945.0,8580.0,5732.046379170057,777.9071398345224,5990.0,0.9569359564557691,0.6299041524848472,1.0450020121552632,1.4323873121869783
96,023160,태광,5670.0,15200.0,10140.642799023597,2114.476354614869,10850.0,0.9346214561312071,0.6313671787581858,1.0699518970379969,1.400921658986175
375,073560,우리손에프앤지,1005.0,3145.0,2206.151342554923,315.60544401993474,2315.0,0.9529811414924073,0.634910865163286,1.0493387082497343,1.3585313174946003
23,098460,고영,8431.755016094661,29550.0,17763.108958873832,4282.3834062231335,19250.0,0.9227589069544848,0.6357836327575933,1.0837066892157619,1.535064935064935
256,140520,대창스틸,1004.2993962407842,5845.7804479298475,2967.382989870247,755.3640338297861,3230.0,0.9186944241084356,0.6359557847474371,1.0885012184225118,1.809839147965897
251,050860,아세아텍,1613.888888888889,5226.666666666667,2800.645963294458,450.51565202529054,2960.0,0.9461641767886683,0.638223670837278,1.05689902929326,1.765765765765766
416,038010,제일테크노스,2415.0,10550.0,4987.343368592352,1410.7640816430348,5490.0,0.9084414150441442,0.6391924139998375,1.1007864496704025,1.9216757741347905
574,099220,SDN,883.0397732434185,4811.57937648316,1761.9942971838807,843.4152999989526,2065.0,0.8532660034788768,0.6402998453877733,1.171967470780354,2.330062652049956
550,052420,오성첨단소재,1029.6819630925445,5213.615347701167,2259.7301406185716,846.2709405863668,2580.0,0.8758643955885936,0.6474512299363816,1.1417292505970464,2.020781142519832
314,061040,알에프텍,1927.4050547567958,11010.301523322803,4888.217525319982,2113.448928830713,5690.0,0.8590891960140566,0.6477940267551519,1.1640234851511713,1.935026629757962
100,067280,멀티캠퍼스,22100.0,55700.0,37218.14483319772,6285.8020414851735,39650.0,0.9386669567010775,0.6505777157918288,1.0653405799160929,1.4047919293820934
389,225330,씨엠에스에듀,1939.180189161812,10493.317280065907,6651.286389249497,1439.4055977536598,7210.0,0.9225085144590148,0.6510496245745556,1.0840008350344912,1.455383811382234
482,053580,웹케시,12336.043809744318,42535.78555238525,28167.7378845473,6711.681785260598,30800.0,0.9145369443034838,0.6525415041224363,1.0934495388391394,1.3810319984540664
303,039440,에스티아이,8007.372078332281,26572.337965887556,15290.605636705499,3703.3355106365716,16750.0,0.912871978310776,0.6532374075156452,1.0954438560491802,1.5864082367694063
54,115160,휴맥스,1265.054670424163,8461.81012883718,4159.2849530353715,1522.8567471476006,4760.0,0.8737993598813806,0.6533814483207556,1.1444274806241004,1.7776912035372228
25,069080,웹젠,8800.0,48400.0,23829.12937347437,7712.55703173575,26900.0,0.8858412406496049,0.6547457352224584,1.1288704500443898,1.7992565055762082
417,253450,스튜디오드래곤,50468.81866024348,111909.13069936766,82903.12171160946,13198.83642989101,88300.0,0.9388802005844786,0.6586899745034751,1.0650986136223477,1.2673740736055228
530,290510,코리아센터,2094.0265725075237,9340.0,6564.90976276222,1862.4277923547531,7330.0,0.8956220685896618,0.6593913681129986,1.1165423844174613,1.2742155525238745
429,097780,에스맥,248.74587730506022,2081.646938869446,971.6774917000644,391.81751837455636,1140.0,0.852348676929881,0.6662545482922883,1.1732287819134675,1.826006086727584
281,051500,CJ프레시웨이,11700.0,47250.0,29667.45321399512,7602.6096008625145,33000.0,0.8990137337574279,0.6694309837319888,1.1123300595425833,1.4318181818181819
249,011320,유니크,2750.0,12850.0,6211.956875508544,1982.1018498686617,7120.0,0.8724658533017617,0.6765673602824487,1.146176662634529,1.8047752808988764
263,038950,파인디지털,2535.0,8550.0,5195.912404375574,1266.4636400933864,5780.0,0.8989467827639401,0.677670899780093,1.1124129027141711,1.4792387543252594
236,039310,세중,1100.0,5480.0,3405.2572614107885,735.841423048848,3745.0,0.9092809776797833,0.6778540810862564,1.0997700650812083,1.4632843791722296
239,001810,무림SP,1220.0,4365.0,2912.379983726607,577.3945068752444,3180.0,0.9158427621781783,0.6784955419027732,1.0918904874256667,1.3726415094339623
290,136480,하림,1538.9949228932023,4435.0,2615.9230559400517,384.3223866708632,2795.0,0.935929537008963,0.6793761502338563,1.0684565028215618,1.5867620751341682
499,089970,에이피티씨,4372.307686790142,28684.451413561557,11995.187717997458,7083.662231352617,15300.0,0.7839991972547358,0.6795855140123583,1.275511510090337,1.8748007459844156
421,044340,위닉스,6736.235375144943,32500.0,17644.71395753167,5772.938290494562,20350.0,0.8670621109352171,0.6803276082477763,1.1533199149036688,1.597051597051597
10,096530,씨젠,7409.180091431099,156823.45929117213,36392.70356754704,35627.4071083671,53200.0,0.6840733753298316,0.6814480507260188,1.461831487766706,2.9478093851724085
164,123410,코리아에프티,1495.0,6240.0,3379.2351505288852,875.7974639815582,3795.0,0.8904440449351476,0.6825092744017011,1.123035193157849,1.6442687747035574
81,005160,동국산업,1560.0,4950.0,3411.3246840727975,775.9494912472945,3780.0,0.9024668476383062,0.6826521225093751,1.1080739448955177,1.3095238095238095
405,095500,미래나노텍,1280.8426996880853,5916.027622896568,3553.294826687971,1010.2963931622351,4035.0,0.8806182965769446,0.6832462655461873,1.1355657767810465,1.4661778495406612
554,306040,에스제이그룹,6294.779312998362,31600.0,19854.40805962874,5450.857952563797,22500.0,0.8824181359834995,0.6862871264243632,1.1332496004124502,1.4044444444444444
461,119850,지엔씨에너지,2080.456448509746,7232.062892438641,4836.048633181807,827.1995951878467,5240.0,0.922910044500345,0.6873440778169425,1.0835292192982804,1.3801646741295117
172,045390,대아티아이,1645.0,11300.0,5041.558177379984,2264.974049273992,6150.0,0.8197655572975584,0.6877150321673893,1.219860960366038,1.8373983739837398
388,140670,알에스오토메이션,3840.0,29150.0,11761.881616939365,4264.816476978941,13850.0,0.8492333297429144,0.6877968418533814,1.1775326815101883,2.104693140794224
101,045100,한양이엔지,7390.0,20950.0,13628.641171684296,2748.3166050973823,15000.0,0.9085760781122864,0.6911037512669996,1.1006232984668292,1.3966666666666667
472,230240,에치에프알,1189.254480275609,39763.27897332871,15020.374790371761,12214.842551728283,21250.0,0.7068411666057299,0.6949758609417073,1.4147449911583767,1.8712131281566453
276,039840,디오,17959.945915855966,53700.0,34811.76661491341,5942.705449247373,37850.0,0.9197296331549117,0.6954134801809001,1.0872760471680574,1.418758256274769
555,037460,삼지전자,5400.0,16650.0,10786.876706820496,2271.5757925326175,11950.0,0.9026675068469034,0.6956862779258669,1.1078276246954846,1.393305439330544
153,051360,토비스,5350.0,9940.0,7744.629780309195,821.8995419912584,8170.0,0.9479351016290324,0.6976122117883445,1.0549245389072457,1.2166462668298654
484,073490,이노와이어리스,7162.8623130327605,66900.0,28706.08832774645,16815.587836430837,37500.0,0.7654956887399053,0.6994996145260527,1.3063430855451532,1.784
119,104200,NHN벅스,2815.0,13000.0,7447.880390561432,2166.6522013790227,8600.0,0.866032603553655,0.7025507894308508,1.1546909387667703,1.5116279069767442
311,143540,영우디에스피,217.36823528396198,3414.9368513087306,1588.2257183513486,759.6032456152874,1995.0,0.7961031169680945,0.7038509898458272,1.256118684484534,1.7117477951422209
535,036630,세종텔레콤,194.4009099295302,899.4819303993288,505.2166856855849,139.5886325603366,581.0,0.8695640029011787,0.7064022645444938,1.1500016061654343,1.5481616702225969
167,136540,윈스,9921.076166284642,22434.40313166192,13859.424942519203,2451.678827216375,15200.0,0.9118042725341581,0.7077415185491183,1.096726600348912,1.475947574451442
582,065710,서호전기,10500.0,26100.0,17631.20423108218,4624.821575723598,20200.0,0.8728318926278308,0.710702012072412,1.145695990770118,1.2920792079207921
50,084110,휴온스글로벌,17067.05513059578,75000.0,38059.705123502914,13347.120623935076,45500.0,0.8364770356813828,0.7113885223665761,1.1954900820264762,1.6483516483516483
258,008370,원풍,3010.0,8450.0,4386.46867371847,919.319371001706,4900.0,0.8951976885139735,0.7117824538738576,1.1170716958172648,1.7244897959183674
418,218410,RFHIC,462.6360628078605,43538.09882458546,24482.337451335294,11562.270298552276,30950.0,0.7910286737103488,0.7120476095715975,1.264176676819392,1.4067237100027612
492,194700,노바렉스,14300.0,49900.0,31018.843537414967,10482.10142555631,37050.0,0.8372157499977049,0.7174817056890697,1.1944352456373897,1.3468286099865048
486,093320,케이아이엔엑스,12400.0,95000.0,38048.860862489826,23259.356343117008,51500.0,0.7388128322813559,0.7184728792990231,1.3535227818284272,1.8446601941747574
170,079370,제우스,5980.0,32650.0,16746.696501220504,5182.316507842335,19750.0,0.8479340000617976,0.718883909419271,1.1793370709596736,1.6531645569620252
79,041140,넥슨지티,3190.0,21450.0,10523.771358828315,3226.854130133476,12400.0,0.8486912386151867,0.7195287138853166,1.1782848160795256,1.7298387096774193
378,140070,서플러스글로벌,903.0,6910.0,3485.375106564365,1074.7140386594629,4120.0,0.8459648316903798,0.7225742070984763,1.182082236210496,1.6771844660194175
507,122310,제노레이,2407.128827270651,12650.0,8201.321552380588,1985.344579978122,9390.0,0.8734101759723736,0.7253223647036875,1.144937427465501,1.3471778487752928
496,251970,펌텍코리아,2368.5706451612905,28500.0,17800.90658943395,4501.733709410638,20500.0,0.8683369068016561,0.7256027575914539,1.151626738616119,1.3902439024390243
391,071460,위니아딤채,1615.0,6520.0,3189.8940391444403,787.5262443745514,3670.0,0.8691809370965777,0.7289491985313248,1.1505084353787278,1.776566757493188
9,035760,CJ ENM,44272.748123343015,266466.3368226608,130232.39488655057,61427.06787732705,167800.0,0.7761167752476196,0.7295923728550338,1.2884659008703305,1.5879996234961908
238,120240,대정화금,7801.11803377591,43350.516668704106,17038.887952283458,7801.082525834039,21850.0,0.7798118055964969,0.7312914886732844,1.2823606834665395,1.984005339528792
546,018290,브이티지엠피,2072.563445780324,12734.153825091616,6542.050966323274,2717.930085214055,8230.0,0.7949029120684415,0.7327140414132195,1.2580152680506214,1.547284790412104
342,145020,휴젤,54838.43019737767,267000.0,156031.20290392358,40125.26490786567,181000.0,0.8620508447730585,0.7331182252333391,1.1600243837859212,1.4751381215469612
532,032300,한국파마,13350.0,91000.0,43235.40983606558,17707.187302069204,54300.0,0.7962322253419075,0.7339699555135449,1.2559150059150057,1.6758747697974217
215,042110,에스씨디,637.0,3175.0,1580.979658258747,378.8452737497911,1820.0,0.8686701419004104,0.7359529630228119,1.1511849570566293,1.7445054945054945
196,143160,아이디스,6860.0,41600.0,19871.700569568755,9538.88364845712,25900.0,0.7672471262381758,0.7362971409470275,1.3033610238503142,1.606177606177606
22,025980,아난티,3813.6046488230445,30086.478207430566,9473.602512386524,4138.59144415763,12100.0,0.7829423563955805,0.7371590683536502,1.277233236688949,2.486485802266989
495,270870,뉴트리,11001.341171905793,41950.0,22908.57629439118,7266.661642719659,27550.0,0.8315272702138359,0.7385002072311937,1.2026063796354383,1.5226860254083485
551,187870,디바이스이엔지,7035.8605970574745,55500.0,19123.288562643786,12331.501844550417,27000.0,0.7082699467645847,0.7385062770072708,1.4118910516647698,2.0555555555555554
420,029960,코엔텍,2610.0,13000.0,7446.501220504475,2600.95671217458,9110.0,0.8173985972013694,0.7387745162491679,1.2233933400715709,1.4270032930845225
225,053700,삼보모터스,1923.6806689752218,9348.717568881597,5453.021092272141,1257.8698196146138,6270.0,0.8697003336957162,0.7419904401345179,1.149821336448828,1.4910235357067938
180,040420,정상제이엘에스,5440.0,8450.0,7196.46867371847,584.4861004886641,7580.0,0.9494021996990066,0.7441476235700178,1.0532943786279774,1.1147757255936674
568,259630,엠플러스,4607.21612030973,17267.46087415005,10642.514690050586,2652.7639713252747,12400.0,0.858267313713757,0.7461781060689217,1.1651381615279743,1.3925371672701652
183,061250,화일약품,1031.5254201612397,5547.666132747681,2150.1163046533866,987.7653569108952,2805.0,0.7665298768817778,0.746333187483285,1.304580591258846,1.9777775874323285
307,032620,유비케어,2307.723135936627,13350.0,5753.200699726068,2719.887547808687,7670.0,0.7500913558964887,0.7595123426055754,1.333170942631151,1.740547588005215
44,013120,동원개발,2930.0,6840.0,4611.179820992677,770.579802678515,5160.0,0.8936395001923794,0.7618348519951201,1.1190194701383764,1.3255813953488371
453,066590,우수AMS,1447.415746909577,10207.661149808664,3539.0207868095113,1832.2312334020762,4850.0,0.7296950075895899,0.7628529242096097,1.3704355786992592,2.104672402022405
216,088800,에이스테크,1697.4895457489881,30725.28354652216,8809.517152123386,7404.286686548289,14200.0,0.6203885318396751,0.7666999092356259,1.611893110007434,2.163752362431138
392,160980,싸이맥스,5240.0,26750.0,12447.427230498362,4588.512483395879,15800.0,0.787811850031542,0.7675019287859364,1.2693386117001955,1.6930379746835442
155,036890,진성티이씨,3670.0,16500.0,9408.604458166747,2439.5302118431478,11200.0,0.8400539694791738,0.768623098951206,1.1903997080330344,1.4732142857142858
97,033560,블루콤,2432.8952105263156,13275.145605263158,7108.311419637989,2918.598597793781,9260.0,0.767636222423109,0.7695098095013732,1.302700381755586,1.4336010372854382
224,049830,승일,5300.0,27800.0,11305.004068348251,3627.2208657961296,14000.0,0.8075002905963037,0.7712567252146812,1.2383896472180136,1.9857142857142858
563,267320,나인테크,88.77426183010829,6090.0,1616.6487474751518,1882.443666200689,3020.0,0.5353141547930966,0.7720135589593299,1.8680619427792047,2.0165562913907285
277,036930,주성엔지니어링,4040.0,17650.0,9562.188771358828,2992.371763694134,11800.0,0.8103549806236294,0.7727212537606303,1.2340270917202538,1.4957627118644068
561,241790,오션브릿지,5430.88310539004,22150.0,11612.567644902812,3579.570710392281,14300.0,0.8120676674757211,0.773604292769537,1.2314244736629631,1.548951048951049
29,086450,동국제약,9500.0,32450.0,17081.340460526317,6550.1823500548935,22000.0,0.7764245663875599,0.7736494426805136,1.2879551257022441,1.475
557,214180,민앤지,7241.834772615755,25822.59253378451,17255.44045710759,3182.808661777435,19700.0,0.8759106831019081,0.7787715724941464,1.1416689158975066,1.3107914991768788
413,123040,엠에스오토텍,1058.810427539485,10720.202592763068,4092.675575911344,2236.337797708147,5830.0,0.7020026716829063,0.7813797149277513,1.424496003131593,1.8387997586214524
430,260930,씨티케이,4631.523660592347,24073.456314943276,10704.92649241801,4298.747645448903,14050.0,0.761916476328684,0.7817599129552248,1.3124798203846808,1.7134132608500552
88,043370,피에이치에이,4365.0,15850.0,9821.310008136696,2407.0125293988694,11700.0,0.8394282058236492,0.7824537288845693,1.1912871083701522,1.3547008547008548
233,033540,파라텍,1128.0253088398233,5725.014680823313,2056.7606444243297,702.5961656570564,2610.0,0.7880308982468697,0.7844824295825632,1.2689857748277351,2.1934922148748326
481,119860,다나와,3546.8457620302593,37400.0,20922.235815566855,8458.570710965654,27650.0,0.756681222986143,0.7868032809029958,1.3215604796609481,1.352622061482821
48,178920,PI첨단소재,11900.0,64100.0,35513.26281529699,11464.941384836855,44750.0,0.7935924651463014,0.7897778365536482,1.2600926091399403,1.4324022346368714
274,192080,더블유게임즈,28384.512113580004,81700.0,57418.244380129945,10522.352811383274,66000.0,0.8699733996989386,0.7926280398980154,1.149460432176499,1.2378787878787878
255,017480,삼현철강,2390.0,8770.0,4731.977217249797,1104.0343346944,5640.0,0.8390030527038647,0.7945920944412868,1.191890776532086,1.5549645390070923
576,109740,디에스케이,3529.2458704230194,12433.320564436604,7002.392140342184,1596.7808447403002,8330.0,0.8406233061635274,0.7971339780111426,1.189593475065357,1.4925955059347664
14,068760,셀트리온제약,16644.86664341173,252105.38387977646,75297.77391956106,51419.31115432881,118500.0,0.6354242524857474,0.7996003490793863,1.5737517038231557,2.1274715939221642
280,119610,인터로조,15047.700469501888,39764.46013915011,25266.19557164415,5327.627030757618,29750.0,0.8492838847611479,0.7999979187719471,1.1774625869431625,1.3366205088789953
226,025550,한국선재,1605.0,13900.0,3437.3637103336046,1546.4957652088876,4740.0,0.7251822173699588,0.8001941188591483,1.3789637639305767,2.932489451476793
109,000250,삼천당제약,7930.290434737007,88600.0,36673.927024944256,16174.983341180287,50400.0,0.7276572822409575,0.8019477387151777,1.374273334996816,1.757936507936508
435,110990,디아이티,5490.0,13500.0,8565.9875,1676.7742811216538,10000.0,0.85659875,0.8037855809105143,1.1674077273635994,1.35
407,067900,와이엔텍,2600.666853153677,17650.0,8280.918335648761,4196.131257522597,11900.0,0.6958754903906522,0.805788438720926,1.4370386855249315,1.4831932773109244
220,069410,엔텔스,3293.099035181083,16200.0,8365.97599239551,1823.306181545398,9980.0,0.8382741475346203,0.8119805492630955,1.1929271622428277,1.623246492985972
412,024880,케이피에프,2028.7373425705134,5967.17607043585,4351.898291677189,556.524122006624,4845.0,0.898224621605199,0.8122015658324311,1.1133072685236798,1.2316152880156555
268,050890,쏠리드,806.9178206915923,11686.935042542525,4222.20956858982,2622.9465168653655,6560.0,0.6436295074069848,0.8136116021418889,1.5536888667965814,1.7815449759973363
438,021320,KCC건설,3600.0,13850.0,8266.899918633035,1626.9949640179386,9720.0,0.8505041068552505,0.8141032698729367,1.1757732760368582,1.4248971193415638
324,083930,아바코,3845.3142008997975,17800.0,8104.22140691697,2380.8920602821604,10250.0,0.7906557470162898,0.8162722521065572,1.2647729479912286,1.7365853658536585
193,040300,YTN,1150.0,4850.0,2534.117168429618,742.5793134399711,3205.0,0.7906761835973847,0.8168562827920112,1.2647402574467879,1.5132605304212168
498,079940,가비아,5220.0,19700.0,9666.851098454028,3726.527266400174,13050.0,0.7407548734447531,0.8180227588540185,1.349974243638347,1.5095785440613028
126,082920,비츠로셀,7541.672596952749,19900.0,13373.902879687577,2831.559140190037,15950.0,0.8384892087578418,0.818530843965384,1.1926211924437575,1.2476489028213167
21,053800,안랩,40000.0,147300.0,61893.856794141575,12856.38097816399,73600.0,0.8409491412247496,0.8187289300692009,1.189132553894532,2.001358695652174
17,054620,APS홀딩스,3815.0,37484.01745033557,9892.979956273315,7218.928367655487,16500.0,0.5995745428044433,0.8199660133869957,1.667849330831511,2.2717586333536706
242,076610,해성옵틱스,310.9111306872556,1454.6234392365016,783.0374814814814,234.38344325735687,998.0,0.7846066948712239,0.820465456256009,1.27452391948316,1.4575385162690397
122,049070,인탑스,5150.0,36500.0,15110.423108218063,7232.573590995976,21750.0,0.6947320969295662,0.8206932574571977,1.4394037707766691,1.6781609195402298
94,089030,테크윙,8127.97223778711,28750.0,15857.650136619843,4935.633776523587,20450.0,0.7754352145046378,0.8239303747110494,1.2895983846165902,1.4058679706601467
272,240810,원익IPS,14126.703678258988,58300.0,30370.847452657843,9854.389071594032,39550.0,0.76791017579413,0.8241969756224949,1.3022356409925882,1.4740834386852086
322,067570,엔브이에이치코리아,1293.6659269089703,6094.203251501491,3072.9850983317365,932.9513112040623,3950.0,0.7779709109700599,0.8264023995077833,1.2853951039802887,1.5428362662029091
334,017650,대림제지,4840.0,16250.0,8704.106260296541,2433.703291462594,11000.0,0.7912823872996856,0.8272553211922336,1.2637713363146879,1.4772727272727273
197,060370,KT서브마린,1965.0,8990.0,4683.840520748576,1126.6304951452626,5750.0,0.8145809601301871,0.8280087752505716,1.2276250599328753,1.5634782608695652
361,232140,와이아이케이,281.5333227294417,7569.306271836247,3471.7692519589145,1755.820250104817,5150.0,0.6741299518366825,0.8304159104329125,1.4833935167477386,1.469768208123543
533,319400,현대무벡스,162.8003963071264,5748.97472828479,1483.9742736850783,1991.367116721548,3390.0,0.43775052321093755,0.8307527920649658,2.284406178809141,1.6958627517064278
494,200710,에이디테크놀로지,1715.9374814326243,32215.953306838375,13065.177631967146,8434.241901153293,21150.0,0.6177388951284702,0.8311126260317325,1.6188069229346995,1.523212922309143
373,118990,모트렉스,1299.433825195816,7869.2869442110195,3989.004559553306,1518.8581258814772,5460.0,0.7305869156691037,0.8335995750346217,1.3687625367395964,1.4412613450935934
395,264450,유비쿼스,7451.602603080744,26000.0,16265.106845550288,4578.309589282469,20700.0,0.7857539538913183,0.8336462667462852,1.272663020081112,1.2560386473429952
569,130580,나이스디앤비,4975.0,13100.0,8265.46786004882,1686.303323064458,9900.0,0.8348957434392748,0.8338019882038494,1.1977543398180397,1.3232323232323233
542,228670,레이,12375.0,34850.0,23532.2202166065,5167.673832343998,28550.0,0.8242458920002277,0.8342243426152764,1.2132301898081208,1.2206654991243433
13,039030,이오테크닉스,38029.463892755826,134900.0,85768.40240746169,21126.587801129917,106300.0,0.8068523274455475,0.8344341522948808,1.239384167318384,1.2690498588899342
113,046440,KG모빌리언스,3145.0,13800.0,6946.65939574695,2363.7222574203793,9290.0,0.7477566626207697,0.8392493113587332,1.3373334534996413,1.4854682454251884
282,064760,티씨케이,29150.0,242900.0,79913.3034987795,45034.05361870149,124600.0,0.6413587760736718,0.8394711772463583,1.559189703650569,1.949438202247191
264,019770,서연탑메탈,1250.0,14000.0,4943.1041497152155,2758.5154850619224,7710.0,0.6411289428943211,0.8420787360821418,1.559748645078456,1.8158236057068742
260,051490,나라엠앤디,1965.0,13850.0,6148.559804719284,2700.418760633324,8860.0,0.6939683752504836,0.842330305174126,1.4409878542938734,1.5632054176072234
132,086960,한컴MDS,6405.489243053823,26589.76453697576,16240.407731882027,3837.1902951240463,20100.0,0.8079804841732352,0.8427532763194324,1.2376536557355695,1.322873857560983
108,017890,한국알콜,5910.0,19800.0,10200.244100895037,2969.16601858227,13200.0,0.772745765219321,0.8438248119565028,1.2940866776748747,1.5
579,208140,정다운,703.6851401347883,4720.0,2212.5360442514852,725.2990841922384,2950.0,0.7500122183903339,0.8453690984167532,1.333311612104382,1.6
514,045660,에이텍,5650.0,42700.0,15502.278275020342,10722.219160710974,26450.0,0.5860974773164591,0.8463802030592863,1.706200826146974,1.614366729678639
441,080220,제주반도체,1924.8235997311835,7437.896590852442,3537.5034977629784,1156.1471823328993,4720.0,0.7494710800345293,0.8467965748259866,1.3342742990882694,1.5758255489094157
432,067990,도이치모터스,3413.270972916083,12114.555012124412,6180.527523380997,1478.7200183887667,7700.0,0.8026659121274022,0.8479214063912981,1.2458483472277768,1.5733188327434302
144,083310,엘오티베큠,4727.106659487941,18150.920093747158,10227.483835608946,3601.463646078486,13950.0,0.7331529631260894,0.8493412143446638,1.3639718452969243,1.3011412253582193
312,054450,텔레칩스,4670.0,21300.0,11344.417315028135,3149.236519516904,14600.0,0.7770148845909681,0.8493778865220694,1.286976633049204,1.4589041095890412
33,015750,성우하이텍,2000.0,8680.0,4678.671684296176,1264.4057369330708,5990.0,0.781080414740597,0.8501577911591204,1.2802779088144312,1.4490818030050083
115,195990,에이비프로바이오,172.49646241113598,2917.81724747276,649.7357761665959,412.55933741170077,1080.0,0.6016072001542554,0.851506114343354,1.66221414860659,2.7016826365488518
34,030190,NICE평가정보,6300.0,25850.0,14165.459723352318,5581.469885182482,20000.0,0.7082729861676159,0.8520673426083831,1.4118849928343105,1.2925
160,036560,영풍정밀,4755.0,12600.0,8537.286411716843,1022.3832392670083,9610.0,0.8883752769736569,0.8529635077517536,1.1256504158992406,1.3111342351716961
149,065680,우주일렉트로,7200.0,41350.0,16693.344182262,8500.90360953901,25700.0,0.6495464662358755,0.8553125550783819,1.5395357406761123,1.6089494163424125
189,108380,대양전기공업,8370.0,22500.0,13782.06672091131,2278.2065762379298,16200.0,0.850744859315513,0.8557304497884075,1.1754405437190343,1.3888888888888888
330,133750,메가엠디,1586.3520413078488,7200.0,3569.447825025915,1142.17372428983,4795.0,0.7444103910377299,0.8583643965260996,1.3433450312346806,1.5015641293013555
137,092070,디엔에프,4743.000026443463,28086.000156586782,13201.171020916641,5209.690635918781,18800.0,0.7021899479210979,0.8587443700153634,1.4241160856269701,1.4939361785418501
393,082210,옵트론텍,2932.3072841585404,13593.477476231645,6448.924765642038,1727.8442604054728,8310.0,0.7760438947824354,0.8592840366272176,1.2885869043275586,1.6357975302324481
270,105740,디케이락,4395.0,18050.0,8854.948320731319,3073.4400855273443,12200.0,0.7258154361255179,0.861784939728854,1.3777607229437132,1.4795081967213115
371,033640,네패스,5849.273332182093,47150.0,21573.854898733804,11967.484123403998,34600.0,0.6235218178824798,0.861804276603942,1.6037931172898876,1.3627167630057804
229,058610,에스피지,3299.481875886039,12900.0,7480.898673901396,2103.905373029663,9780.0,0.7649180648160937,0.8627543396419297,1.3073295637754694,1.3190184049079754
536,298540,더네이쳐홀딩스,15550.0,38200.0,25560.49437856128,5820.762441829455,31950.0,0.8000154735073953,0.8638342971150084,1.2499758231123215,1.1956181533646322
478,178320,서진시스템,7224.729955385009,52885.023273418265,24891.28653295926,12198.410498879291,38300.0,0.6499030426360121,0.8641635245956063,1.538691057582977,1.380810007138858
321,024800,유성티엔에스,1144.0997073464052,4860.1393498267735,2876.0804444060745,653.6734645355693,3610.0,0.796698184046004,0.8692306503923899,1.2551804686205443,1.3462989888716823
52,032190,다우데이타,4500.0,16700.0,11318.574909657174,2204.6973329121906,13800.0,0.820186587656317,0.8698150644504733,1.2192347632232072,1.210144927536232
537,034950,한국기업평가,40900.0,118500.0,63850.56956875508,16515.935070072333,82500.0,0.7739462978030919,0.8705886225314237,1.2920793120124479,1.4363636363636363
230,170030,현대공업,2085.0,11000.0,5094.059467635149,2276.033317347767,7670.0,0.6641537767451303,0.8711339021735948,1.5056753947869983,1.4341590612777053
327,049430,코메론,6240.0,21000.0,9353.580146460537,2015.1474124583947,11650.0,0.8028824160051964,0.8727691494688503,1.2455123939263453,1.8025751072961373
182,048430,유라테크,3360.0,16500.0,8820.838079739626,2648.5976002765024,11900.0,0.7412468974571114,0.8774966016976067,1.3490781592888355,1.3865546218487395
560,256630,포인트엔지니어링,236.717905716975,4161.887688816781,1732.8945748036203,1468.385733941882,3440.0,0.5037484229080291,0.8774985794105651,1.9851178773468299,1.2098510723304594
581,010240,흥국,2045.0,13200.0,5441.887713588283,2021.964854633972,7820.0,0.6958935695125682,0.8802303879786404,1.437001351658473,1.6879795396419437
510,099750,이지케어텍,9850.0,53300.0,22131.246153846154,8214.598367161228,32000.0,0.6916014423076923,0.8851957166405977,1.445919483139397,1.665625
489,317330,덕산테코피아,7900.0,32500.0,18404.677419354837,4403.749767442154,23700.0,0.7765686674833264,0.8854068669138128,1.2877161310676635,1.371308016877637
509,024060,흥구석유,2530.0,10000.0,4955.313262815297,2054.311566766349,7440.0,0.6660367288730238,0.886764304497998,1.5014187005753619,1.3440860215053763
217,053280,예스24,2098.4,18000.0,5678.6918795768925,3156.915892203606,9500.0,0.5977570399554624,0.8869480381342001,1.6729204896934513,1.894736842105263
218,053610,프로텍,7433.6802,36800.0,18207.286224329462,6332.77867148244,26000.0,0.700280239397287,0.8907518211464402,1.4279997403049298,1.4153846153846155
111,018310,삼목에스폼,4095.0,19250.0,12048.970707892595,3038.6405075823673,15850.0,0.7601874263654634,0.8945141506741372,1.3154650620585846,1.2145110410094637
406,092870,엑시콘,3720.4143205785876,16834.566820352597,9133.083986369804,3420.3396117578363,13450.0,0.679039701588833,0.896549140262286,1.4726679421839055,1.251640655788297
521,005670,푸드웰,3520.0,11000.0,5739.438567941415,1478.4261331284583,7610.0,0.7541969208858628,0.8971070494458924,1.3259136603546757,1.445466491458607
157,102120,어보브반도체,3820.0,18700.0,8715.19121236778,3276.102281126888,12900.0,0.6755962180130062,0.8992649294147064,1.4801740645338375,1.449612403100775
114,052400,코나아이,9020.0,47950.0,18625.952161913523,10559.536854934086,32200.0,0.5784457193140846,0.9006872760621384,1.7287706808268724,1.4891304347826086
213,053260,금강철강,2490.0,9560.0,4141.769731489016,1198.7241540841244,5690.0,0.7279032920015844,0.9017460996763762,1.3738088712996552,1.6801405975395431
43,030520,한글과컴퓨터,6303.092565693389,26589.908275845377,14926.55573058711,3580.109009691934,19600.0,0.7615589658462811,0.9041202333438294,1.3130959582213724,1.3566279732574171
141,038390,레드캡투어,9910.0,31200.0,17705.541090317332,3703.393479167871,22550.0,0.785168119304538,0.9045825880063849,1.2736125874363686,1.3835920177383592
288,043610,지니뮤직,1520.0,7730.0,4283.907834450112,1154.3453267365737,5800.0,0.7386047990431228,0.9054722561856967,1.3539040110428742,1.3327586206896551
118,046140,SBS콘텐츠허브,4125.0,9930.0,6956.423921887714,1349.0096977436563,8730.0,0.796841228165832,0.9056987424812454,1.2549551462112454,1.1374570446735395
177,123860,아나패스,8153.051912316119,33648.91037087364,19036.095229508985,5033.013956287835,25700.0,0.7407040945334236,0.907254887859299,1.3500667910171462,1.309296123380297
567,124560,태웅로직스,1897.1896716717872,10350.0,5574.7529421909385,2275.1024260720183,8590.0,0.6489817162038345,0.9074680863833435,1.5408754592493272,1.2048894062863795
502,251370,와이엠티,6239.094433973758,25350.0,14609.396950405182,4588.968615388444,20700.0,0.7057679686186078,0.9077831983064875,1.416896266852815,1.2246376811594204
588,046110,한일네트웍스,2580.0,9720.0,5400.553295362083,1054.407869768587,6810.0,0.7930327893336392,0.9093427603199722,1.260981908251573,1.4273127753303965
55,036800,나이스정보통신,18550.0,39650.0,26881.529698942228,4611.729197634829,33050.0,0.8133594462614895,0.9094802494182157,1.2294687233256856,1.199697428139183
46,038500,삼표시멘트,2050.0,7020.0,3963.5150528885274,839.5644932049145,5090.0,0.7786866508621861,0.9101613279902909,1.2842136164691778,1.3791748526522594
148,072470,우리산업홀딩스,2800.0,9430.0,5798.454027664769,1364.0661105502177,7650.0,0.7579678467535645,0.9126685761754573,1.3193171772167884,1.2326797385620916
543,051160,지어소프트,1177.4333007079804,27450.0,7651.2233437324585,7323.889548789091,17600.0,0.4347285990757079,0.912831713131373,2.3002857463855286,1.5596590909090908
364,009520,포스코엠텍,2070.0,11500.0,5148.60048820179,2170.1410292888845,8110.0,0.634845929494672,0.9138124135372736,1.5751853379543368,1.4180024660912454
553,084650,랩지노믹스,3573.7086790618455,52455.07717532873,12851.196747699632,10132.668420799315,26700.0,0.4813182302509226,0.9141478303573721,2.0776275178246966,1.9646096320347841
402,061970,엘비세미콘,2320.0,15900.0,7143.242473555736,3956.5773850671926,12600.0,0.5669240058377568,0.9160774520069884,1.7639048438639968,1.2619047619047619
265,019010,베뉴지,860.0,2710.0,1645.6554552912223,393.75509514385016,2190.0,0.7514408471649417,0.9165823616078017,1.3307767388116172,1.2374429223744292
374,042370,비츠로테크,3062.989599055726,12850.0,6200.501464879207,2111.1960985066307,9120.0,0.6798795465876323,0.9166468202941184,1.4708487775799064,1.4089912280701755
570,217820,엔에스,2498.254834847923,15066.136482728532,7096.384353382831,2672.792338977782,10800.0,0.6570726253132251,0.9170765814435589,1.521901782962427,1.395012637289679
124,097520,엠씨넥스,5886.170484773379,64326.2172542291,23369.083512054647,15182.733210752343,44450.0,0.5257386616885185,0.9175044853135723,1.902085718383908,1.4471589933459865
102,088390,이녹스,2700.0,64747.26712369493,13524.994582095298,10226.607628165846,27800.0,0.4865105964782481,0.9186230389176007,2.0554536884474826,2.329038385744422
387,059090,미코,2218.4175468882604,18816.672879038695,7341.563831486575,4588.360617132405,13750.0,0.5339319150172054,0.9187439309258189,1.872897970460852,1.3684853002937232
181,094850,참좋은여행,3140.0,16800.0,9423.083807973962,3009.399912906954,13750.0,0.68531518603447,0.9247546423384674,1.4591826073290926,1.221818181818182
195,079960,동양이엔피,7100.0,25450.0,13642.172497965827,3337.3300807591822,18450.0,0.739413143521183,0.9251540952866367,1.3524238901649326,1.3794037940379404
583,042500,링네트,2516.84425180691,9611.570567924027,4719.6740770037495,1248.7369825283315,6520.0,0.7238763921784892,0.9253089533927675,1.3814513234649402,1.4741672650190225
480,131970,테스나,4989.133496169979,56800.0,22450.34385722468,15932.306992601585,45550.0,0.4928725325406077,0.9264515816191146,2.028922153249857,1.2469813391877058
128,114810,아이원스,1841.1714753622432,10200.0,5519.821360912395,1976.7049174155704,8390.0,0.6579048105974249,0.926749415339752,1.5199767259520842,1.2157330154946364
269,012620,원일특강,5080.0,19800.0,10017.13588283157,1724.414954914433,12550.0,0.7981781579945474,0.9290598945796456,1.2528531255635178,1.5776892430278884
275,237690,에스티팜,12800.0,143500.0,47305.434142653176,28749.003165378545,89600.0,0.5279624346278257,0.9293769315852901,1.8940741507583314,1.6015625
524,086670,비엠티,3855.0,16100.0,8489.53620829943,2451.0514986872895,12100.0,0.7016145626693744,0.9296280537823454,1.425283985263053,1.3305785123966942
504,090850,현대이지웰,2103.8865702412254,13500.0,5375.78935601752,3081.6547884528954,9920.0,0.5419142495985403,0.9298400513500992,1.8453103987223398,1.3608870967741935
398,198440,고려시멘트,431.20754372425733,5490.0,2719.8514099454783,1048.397954414749,4270.0,0.6369675433127584,0.9303747633922387,1.5699387048815272,1.2857142857142858
90,095660,네오위즈,10244.506721720469,40850.0,17536.251821950533,5806.892189899435,26150.0,0.6706023641281275,0.9310114419021487,1.491196651685136,1.5621414913957934
468,092300,현우산업,1611.845922791766,7600.0,3493.4039922785664,1055.8498114221993,5060.0,0.690396045904855,0.9310597137912814,1.4484439850598625,1.5019762845849802
415,212560,네오오토,2160.0,13000.0,5817.116717572268,1665.3808785501662,8290.0,0.7017028609857983,0.9312115978211998,1.4251046355933825,1.5681544028950543
301,036200,유니셈,2965.0,15750.0,7311.017388499539,3182.4849984129983,12050.0,0.6067234347302523,0.9317671728873625,1.6481974203692948,1.3070539419087137
451,046120,오르비텍,1353.0131313823097,10100.0,4267.555557559714,1791.7648875042012,6940.0,0.6149215500806504,0.9320868492898108,1.626223702631408,1.4553314121037464
401,036810,에프에스티,2670.8105224075116,33387.00037951372,11129.68343972795,9491.425448061616,25300.0,0.43990843635288346,0.9322761438747782,2.27320032389155,1.319644283775246
332,037330,인지디스플레,1020.0,4240.0,2051.1646709622787,772.6657725343398,3205.0,0.6399889768993069,0.9323229531417856,1.5625269123304537,1.3229329173166926
580,264660,씨앤지하이테크,2825.0,17600.0,9043.021505376344,3046.1559374449816,13600.0,0.6649280518659076,0.932670144488744,1.503922111864314,1.2941176470588236
425,036540,SFA반도체,1141.2588071785324,9760.0,3554.9558400820497,2143.860633719264,6770.0,0.5251042599825775,0.9331476708898168,1.9043837123568168,1.4416543574593796
241,006140,피제이전자,2980.0,14600.0,5721.711418497423,1820.304178455759,8480.0,0.6747301201058282,0.9351505006511353,1.4820740473882428,1.721698113207547
544,101360,이엔드디,230.24145518630462,43500.0,9821.644284191123,13387.992365216143,30250.0,0.3246824556757396,0.9364790625931039,3.079932353963406,1.43801652892562
42,078020,이베스트투자증권,3130.0,9300.0,6908.097762695784,1325.8031122888165,8940.0,0.7727178705476269,0.9373105837580198,1.294133393461313,1.0402684563758389
253,109860,동일금속,7280.0,19200.0,10788.6655817738,1919.4144846296952,13750.0,0.7846302241290036,0.9385642493102568,1.2744856994389586,1.3963636363636365
320,013310,아진산업,1114.0885376094188,4340.616392858305,2562.2440538399683,666.2872567909448,3595.0,0.7127243543365698,0.9394311688791618,1.4030669696012241,1.2074037254126022
223,007330,푸른저축은행,5500.0,24100.0,8923.72660699756,3142.0390239662834,13800.0,0.6466468555795333,0.9396623703117533,1.546439128825249,1.7463768115942029
556,337930,브랜드엑스코퍼레이션,6639.585024098133,11300.0,8115.136538258206,1136.6042557161798,9880.0,0.8213700949654055,0.9397586905181821,1.2174779750681306,1.1437246963562753
198,126700,하이비젼시스템,5440.0,21900.0,12327.917005695688,3316.6009821109865,17500.0,0.7044524003254679,0.9405553870530964,1.4195423275412002,1.2514285714285713
317,122640,예스티,3588.5655239747502,16351.57521813642,9197.3219826597,2814.3380707130036,13600.0,0.6762736751955661,0.941135148234594,1.4786913001024593,1.2023217072159134
571,043650,국순당,2505.0,10500.0,5679.420289855072,1720.8393597939223,8390.0,0.6769273289457773,0.9423890600892505,1.477263447994284,1.2514898688915375
86,060720,KH바텍,5459.532490883094,31245.32915126558,14010.895609438941,6082.668495195271,23600.0,0.5936820173491076,0.9425404789342753,1.6844033856123386,1.3239546250536263
448,131290,티에스이,5910.0,80300.0,23313.79983726607,20860.673943807993,56400.0,0.41336524534159697,0.9436367133918061,2.4191680632792907,1.423758865248227
586,089850,유비벨록스,3700.0,17750.0,9191.314076484947,2646.9201500525965,13400.0,0.6859189609317125,0.9440861265812799,1.4578981730460667,1.3246268656716418
367,144960,뉴파워프라즈마,1992.122408349748,8900.0,4626.193788482347,1379.1308006275228,6820.0,0.6783275349680862,0.944163311509776,1.474214075722354,1.3049853372434017
67,060250,NHN한국사이버결제,8298.45940064978,68906.39117154473,26909.903247856306,19395.66599278757,58000.0,0.46396384910097077,0.9455260942821517,2.155340339420224,1.188041227095599
261,126640,화신정공,607.0,3105.0,1456.819365337673,390.5760778085038,2085.0,0.6987143239029606,0.9461200545929631,1.4312000853425795,1.4892086330935252
442,091580,상신이디피,3090.0436228499157,20802.53702613151,9579.460323531966,4332.18885345495,16550.0,0.5788193548961913,0.946193035779996,1.7276547363889474,1.2569508777118739
426,060150,인선이엔티,4165.068626763748,14700.0,7213.682929094049,2790.9633244023385,11750.0,0.6139304620505573,0.9479569457159029,1.6288489687577186,1.251063829787234
411,101490,에스앤에스텍,2506.999969512546,47747.99941933987,15116.028071818206,13858.292521181831,37750.0,0.400424584683926,0.948791146350506,2.4973491594911614,1.26484766673748
162,072870,메가스터디,5727.471002962094,20046.14851036733,11688.678733723125,1717.4426549412963,14500.0,0.8061157747395259,0.9491767131553838,1.2405165998930148,1.3824930007149883
333,010470,오리콤,2462.9714280942458,12611.587216754837,5381.859919785282,1244.9770091551259,7430.0,0.7243418465390689,0.9500277565954773,1.3805636175488627,1.6973872431702337
49,005290,동진쎄미켐,6520.0,37700.0,18348.74850294828,8597.48449676854,32550.0,0.5637096314269825,0.9507114652202366,1.773962948741156,1.1582181259600615
564,290550,디케이티,2870.0,15800.0,7979.5730971170615,2930.012847104493,12900.0,0.6185715579160512,0.9534550768927346,1.6166278374792555,1.2248062015503876
60,003800,에이스침대,22800.0,65100.0,36603.04987735078,6696.166143247081,47850.0,0.7649540204253036,0.9534834260629539,1.307268114551531,1.3605015673981191
538,089010,켐트로닉스,3856.180616478881,33600.0,11771.536419460519,7920.553646352009,25100.0,0.4689855147195426,0.9537901084370195,2.132262017938888,1.3386454183266931
335,066130,하츠,3020.0,13650.0,6812.611879576892,2243.2881280162164,10600.0,0.6426992339223483,0.9543250870574609,1.5559377500686755,1.2877358490566038
205,036710,심텍홀딩스,746.4736561924369,3465.0,2114.9438688941814,589.8589675405138,3120.0,0.6778666246455709,0.9557993916469767,1.4752164565158516,1.1105769230769231
541,099320,쎄트렉아이,6042.507671749395,64800.0,21484.848086414047,14118.864063752666,45550.0,0.47167613801128533,0.9558531547584108,2.1200987699235148,1.4226125137211856
106,074600,원익QnC,4940.0,31650.0,15177.489829129374,5459.4053135058475,24500.0,0.6194893807807907,0.9561452101375146,1.6142326745611395,1.2918367346938775
39,099190,아이센스,16700.0,36100.0,26206.238597646116,3156.291750371969,31600.0,0.8293113480267759,0.9562645122881362,1.2058197471665528,1.1424050632911393
525,053270,구영테크,900.0,5290.0,1973.171203974925,883.6114945259585,3485.0,0.5661897285437374,0.9564562605129203,1.7661924079266502,1.5179340028694404
138,077360,덕산하이메탈,3200.0,17050.0,8169.023596419854,2815.6965263671173,13050.0,0.6259788196490309,0.9584955240342735,1.5974981398902162,1.3065134099616857
266,039240,경남스틸,1015.0,11950.0,2425.1972062448644,1586.8918791391288,5180.0,0.4681847888503599,0.9587157701579431,2.135908777505408,2.306949806949807
323,023600,삼보판지,5330.0,18700.0,9161.519202251506,2941.0263374854226,14300.0,0.6406656784791263,0.959696303336737,1.560876497042726,1.3076923076923077
291,085370,루트로닉,3412.617949178477,21725.434440439705,10479.38818975629,3614.6496261891925,16850.0,0.6219221477600172,0.9610027110160761,1.6079182958859228,1.2893432902338104
562,234100,세원,263.8661596720147,6670.8776304295,2419.049100605919,1670.8874740340068,5370.0,0.45047469285026426,0.961310289157726,2.219880530186399,1.2422490931898509
139,033500,동성화인텍,4337.163561513156,14059.088548370188,8198.549459549107,2318.7916506461397,12300.0,0.6665487365487079,0.9615353589554371,1.5002653897115672,1.1430153291357876
262,025950,동신건설,3920.0,62400.0,14139.287459283387,14890.124976049912,40550.0,0.34868773019194543,0.9619441506678986,2.8678955793756225,1.5388409371146732
228,012860,모베이스전자,455.449549601123,2856.1982557756346,1196.5069460169975,556.0031265559194,2185.0,0.5476004329597243,0.9622861807539927,1.8261490309551116,1.3071845564190547
28,043150,바텍,17000.0,45750.0,29341.578519121238,5819.365649417717,39700.0,0.7390825823456231,0.9624613253689567,1.3530287736267637,1.1523929471032746
336,032080,아즈텍WB,1075.0,7050.0,2298.5976913379595,899.5760045396038,3900.0,0.5893840234199896,0.9624763004337897,1.6966866427721425,1.8076923076923077
298,035890,서희건설,584.816123681645,2260.0,1140.5436144489897,368.24792186855206,1800.0,0.6336353413605499,0.9633368679710815,1.5781947986878182,1.2555555555555555
475,214150,클래시스,166.14680216890608,25650.0,9348.110201390202,6645.426707014664,21300.0,0.4388784132108076,0.9639521661906355,2.278535398184798,1.204225352112676
201,039340,한국경제TV,3130.0,8700.0,4929.361269324654,1283.2996055175558,7280.0,0.6771100644676723,0.9665030300614406,1.476864770554217,1.195054945054945
578,038070,서린바이오,5602.458305805455,40750.0,11489.688589449854,5250.963417154039,21150.0,0.5432476874444375,0.9670954479182867,1.8407809607146801,1.9267139479905437
397,171090,선익시스템,3430.7220252149646,30816.2690234903,11547.220142691314,5974.627262434812,22600.0,0.5109389443668723,0.9678398407738795,1.9571810115964943,1.3635517267031105
40,084370,유진테크,9550.0,53800.0,22496.704637917006,10971.456123676797,42800.0,0.5256239401382478,0.9678832818829299,1.9025008635203784,1.2570093457943925
319,100090,삼강엠앤티,1519.849171419722,22050.0,6843.737542061684,6616.116304302402,19100.0,0.35831086607652796,0.9680219629436893,2.790872660240285,1.1544502617801047
70,035080,인터파크,678.7482216068664,10100.0,2954.4973537808523,1738.8926256360162,6200.0,0.47653183125497617,0.9690086330591925,2.098495702514642,1.6290322580645162
584,037030,파워넷,1408.340951598763,7590.0,4105.686960368609,1205.0378898338695,6360.0,0.6455482642089008,0.9693094625127838,1.5490708525496057,1.1933962264150944
372,241690,유니테크노,2060.1224433577027,14298.373112598112,5985.202632407895,2167.4397468277534,10050.0,0.5955425504883478,0.9696305356514431,1.6791411447930884,1.422723692795832
127,104480,티케이케미칼,1365.0,8350.0,2824.4182262001627,1480.1166042166944,5640.0,0.5007833734397452,0.9714320831501948,1.9968714079528462,1.4804964539007093
91,011040,경동제약,5073.781639471664,16600.0,9219.939782598902,1741.2420916863207,12550.0,0.7346565563823826,0.9720915514513222,1.3611802566960396,1.3227091633466135
176,066620,국보디자인,9920.0,28750.0,17859.048006509358,3335.2380019201714,24250.0,0.7364555878972932,0.972329585733759,1.3578551326566362,1.1855670103092784
497,037070,파세코,3880.0,29250.0,9731.082645588747,5775.039729800105,21000.0,0.46338488788517845,0.9744901628859417,2.158033259487281,1.3928571428571428
452,101160,월덱스,2388.680327403688,31050.0,9570.756520513476,7121.94252319002,23500.0,0.40726623491546704,0.9747568674297424,2.455396284466258,1.3212765957446808
45,086980,쇼박스,1565.0,7570.0,4271.899918633035,1156.4550773111575,6540.0,0.6531957062130023,0.9750751956999967,1.5309347420509642,1.157492354740061
329,137950,제이씨케미칼,2702.8810183163914,12000.0,5166.626820972489,2084.8735847270104,9290.0,0.5561492810519364,0.9760219327423688,1.7980783830351015,1.2917115177610334
539,034810,해성산업,2315.469342469872,17750.0,6397.807946093311,3765.727237452953,13850.0,0.4619355917756903,0.9760892737624937,2.164803963591501,1.2815884476534296
191,122350,삼기,999.4538624832901,6810.0,2872.9434402041547,1017.103680114379,4900.0,0.5863149877967663,0.9768676036543551,1.7055678616672663,1.389795918367347
500,290720,푸드나무,13600.0,47600.0,24293.250327653997,6474.930733543252,37400.0,0.6495521477982352,0.9785267589375554,1.5395222745235557,1.2727272727272727
121,095340,ISC,5060.507503513551,29850.0,14577.012229151718,5726.911170661176,26200.0,0.5563745125630427,0.9787982735878398,1.7973504850057094,1.1393129770992367
548,014940,오리엔탈정공,469.0,6610.0,1680.281185511056,1308.4295432530132,4360.0,0.38538559300712294,0.9797220637285301,2.5948037968858824,1.5160550458715596
16,003670,포스코케미칼,8349.982094728311,178500.0,56367.54402369444,45179.5578562719,149500.0,0.37704042825213674,0.9803668303550984,2.6522354768048215,1.193979933110368
349,272290,이녹스첨단소재,13278.70921080084,44500.0,26270.90899860479,6037.650473223477,38850.0,0.6762138738379612,0.9813944963918618,1.4788220690065679,1.1454311454311454
18,058470,리노공업,37800.0,212600.0,83536.37103336045,45315.82673255621,178400.0,0.4682532008596438,0.9818427543611841,2.1355967202448323,1.1917040358744395
244,041930,동아화성,2520.0,17600.0,6753.73067534581,3572.5367495999667,14250.0,0.4739460123049691,0.9820608647863209,2.1099449600528173,1.2350877192982457
470,007770,한일화학,6120.0,23500.0,12949.251423921887,2609.8352112838484,18500.0,0.6999595364282101,0.9832840531466727,1.4286540120631144,1.2702702702702702
1,035720,카카오,10810.41453173347,168955.09618459907,43996.28442374017,39628.62915145821,128500.0,0.34238353637151886,0.9835126245053828,2.9207011838177417,1.314825651242016
11,048260,오스템임플란트,22800.0,163600.0,59978.96663954434,25600.110837816606,115000.0,0.5215562316482116,0.9841926986353396,1.917338801302057,1.422608695652174
105,012700,리드코프,3950.0,11200.0,6843.627880255654,1304.2992179952864,9670.0,0.7077174643490852,0.9848812784082039,1.412993249954257,1.1582213029989659
222,024910,경창산업,610.0,4200.0,1879.6617299800196,757.0248820969132,3525.0,0.5332373702070977,0.9851259003244787,1.8753374310799371,1.1914893617021276
171,151860,KG ETS,2185.0,25200.0,5288.828315703824,4107.804075946623,14300.0,0.36984813396530236,0.9858704737837629,2.7038124791345193,1.7622377622377623
355,213420,덕산네오룩스,11227.584413535487,72000.0,26525.502697285618,13569.374457056721,56300.0,0.4711456962217694,0.9858910074482231,2.1224856939567536,1.2788632326820604
62,121440,골프존뉴딘홀딩스,1725.0,10100.0,5433.911980440098,1684.5961687081967,9140.0,0.5945199103326146,0.9860960565241937,1.6820294537159106,1.1050328227571116
431,068930,디지털대성,2618.9219566858887,10100.0,5109.794098770525,2011.9852722808366,9550.0,0.5350569736932487,0.9863387057973718,1.8689598475793456,1.057591623036649
512,089890,코세스,1320.2373957805873,16100.0,5934.428506177099,3105.526730489986,12800.0,0.46362722704508585,0.9864737384080595,2.1569052498781613,1.2578125
408,083450,GST,4280.0,31250.0,12400.14239218877,7198.267047946443,28750.0,0.4313093005978703,0.9884374105281206,2.318521762952537,1.0869565217391304
520,084730,팅크웨어,4400.0,20600.0,10326.636868093276,3223.94232261474,17800.0,0.5801481386569256,0.9897775714310515,1.7236976788636333,1.1573033707865168
366,243840,신흥에스이씨,16714.44028179693,89127.77737534838,37635.01463163718,13053.948535548841,67900.0,0.5542712022332428,0.9897876827355352,1.8041709473103569,1.3126329510360586
325,215200,메가스터디교육,6907.358192799118,83900.0,32379.332145397897,19262.97165338362,77100.0,0.4199653974759779,0.9898724123145894,2.3811485565479242,1.0881971465629052
296,035900,JYP Ent.,4449.879886725518,53700.0,24011.204725475054,11625.096640015934,51100.0,0.46988658953962925,0.9901021973365421,2.1281731001937056,1.050880626223092
423,214450,파마리서치,28277.588660127196,99800.0,47727.8733177341,17175.274405854478,88300.0,0.5405195166221303,0.9909175701167713,1.8500719571594788,1.130237825594564
158,078890,가온미디어,3264.3340760812584,20150.0,8961.847993965488,2746.756925714329,15500.0,0.5781837415461605,0.9913511231067611,1.7295539949391037,1.3
476,278280,천보,38400.0,307900.0,126310.55891637168,66952.52322999315,285900.0,0.44179978634617584,0.9914283764188792,2.263468727022973,1.0769499825113675
3,036490,SK머티리얼즈,116900.0,442700.0,210463.62896663955,74151.77269837676,387700.0,0.5428517641646622,0.9915800301646146,1.8421235151345514,1.1418622646376064
547,307750,국전약품,203.69062355504013,22100.0,2669.067074058198,4037.4222165150472,12450.0,0.2143828975147147,0.9922943954925421,4.66455119131582,1.7751004016064258
427,110790,크리스에프앤씨,14850.0,45250.0,24839.67320261438,6996.698774510107,41850.0,0.5935405783181453,0.9924754071866866,1.6848047741463554,1.081242532855436
87,036030,케이티알파,2455.3526035866334,12823.206475704674,4853.929032465218,1762.477078387816,9140.0,0.5310644455651223,0.9924889316214377,1.883010637128736,1.4029766384797235
107,143240,사람인에이치알,14768.265575620002,56200.0,25041.335374107708,8160.5430048035605,44950.0,0.5570931117710279,0.9926487421679584,1.7950320671188127,1.25027808676307
165,023760,한국캐피탈,276.6100162436136,1065.0,471.6134382021116,176.20595438695096,904.0,0.521696281197026,0.9929336031348905,1.9168240910314938,1.1780973451327434
257,038110,에코플라스틱,840.0,5440.0,1946.558792338197,698.9957184586314,3680.0,0.5289561935701622,0.9934290837936193,1.8905157216338695,1.4782608695652173
82,086390,유니테스트,8230.0,29850.0,15932.6606997559,5105.979011006629,28600.0,0.5570860384530034,0.9934471408320453,1.795054858629995,1.0437062937062938
357,183300,코미코,13135.392063847052,85400.0,32570.513366403415,17778.52687802425,76900.0,0.4235437368843097,0.9936741979230664,2.361031253481027,1.1105331599479844
517,048910,대원미디어,3935.0,48500.0,11357.391742560421,8937.618090463777,33800.0,0.3360175071763438,0.9939809906373323,2.976035410783506,1.4349112426035502
271,101930,인화정공,2635.0,13700.0,5877.359641985354,2300.8123223907287,11700.0,0.5023384309389192,0.9943080626817287,1.9906898186764312,1.170940170940171
120,033160,엠케이전자,5020.0,26600.0,10277.388120423107,3300.8505364125444,18700.0,0.5495929476162089,0.9946392760970059,1.8195284425271023,1.4224598930481283
161,089980,상아프론테크,6223.506220583038,75545.56512396793,23078.839391894457,16932.494533209963,66400.0,0.34757288240804907,0.9947431994813024,2.8770944185053087,1.1377344145175894
151,091120,이엠텍,5438.58155521271,27800.0,13951.543713079243,4251.3841055346775,24950.0,0.559180108740651,0.9951596354412956,1.7883325682884799,1.1142284569138277
254,065350,신성델타테크,1473.4653178284284,21000.0,4950.447591604142,4143.849860802592,15750.0,0.314314132800263,0.9954218697933013,3.1815304997292926,1.3333333333333333
356,166090,하나머티리얼즈,7287.536269668233,53900.0,21719.02422179546,11160.172926114898,51000.0,0.42586322003520505,0.9956510163529768,2.348171790739131,1.0568627450980392
51,063080,게임빌,13700.0,92500.0,46689.09455647425,14738.074306897988,85600.0,0.5454333476223627,0.9958566811372095,1.8334045843716213,1.080607476635514
513,104460,디와이피엔에프,3345.0,43950.0,11507.497965825874,9868.317948347543,37650.0,0.30564403627691566,0.9959650901844442,3.2717798527369037,1.1673306772908367
287,033290,코웰패션,2786.6666663276847,9390.0,5588.203250359669,1236.5635669801086,8880.0,0.6293021678332961,0.9961167082144744,1.5890617434912488,1.0574324324324325
403,189300,인텔리안테크,9155.724259008028,79946.90573016078,23970.426955537267,17527.00119264853,71000.0,0.3376116472610883,0.9963546304611364,2.961983119103296,1.126012756762828
27,025900,동화기업,10698.519566458925,99200.0,31381.757916738847,19506.4201058705,84100.0,0.37314813218476633,0.9965601270962225,2.679900859063779,1.1795481569560047
38,108320,LX세미콘,24000.0,126700.0,49220.42310821806,24232.524217487677,115100.0,0.4276318254406435,0.9967224820550677,2.3384601905379068,1.1007819287576022
526,293490,카카오게임즈,43451.02983487496,100319.95723033513,59490.63568608216,13914.880784044984,97900.0,0.6076673716658035,0.9971126602803616,1.6456371472746543,1.0247186642526571
219,036010,아비코전자,3075.0,12000.0,6957.652563059398,1748.6871070161885,11800.0,0.589631573140627,0.997189716986771,1.6959743093022943,1.0169491525423728
450,137400,피엔티,2119.3090394798023,37800.0,10302.564899110019,8875.58744885528,35000.0,0.29435899711742913,0.9973039488639175,3.397212280897493,1.08
469,017000,신원종합개발,1768.8899202924367,10050.0,4838.441358094034,1609.362951375039,9320.0,0.5191460684650251,0.9973209601742321,1.926240148474456,1.0783261802575108
199,149950,아바텍,4705.0,26600.0,9190.447518307566,4760.586035410081,22600.0,0.406656969836618,0.9975746589082772,2.4590750292605796,1.176991150442478
279,036420,제이콘텐트리,18130.26062355513,70000.0,35661.55623061515,9295.9708502571,62000.0,0.5751863908163733,0.9976966251025663,1.7385668645266108,1.1290322580645162
328,106240,파인테크닉스,957.0146687818025,13550.0,3227.246512034766,2398.036329096812,10050.0,0.3211190559238573,0.9977804174422678,3.114109803054219,1.3482587064676617
66,160550,NEW,1815.0,17400.0,7120.008234299749,2799.6723914568615,15200.0,0.4684215943618256,0.9980494430550747,2.1348289917385066,1.144736842105263
368,131390,원익피앤이,4370.078501050347,38800.0,14107.630120545311,6767.117378122631,33900.0,0.4161542808420446,0.9982765338907607,2.4029549761607756,1.1445427728613569
363,064260,다날,2030.364216963717,9500.0,4034.373149190683,1458.79167494047,8480.0,0.47575155061210883,0.9988461250532605,2.101937447630776,1.1202830188679245
192,054210,이랜텍,1773.2354893261336,11000.0,4721.276672121652,1867.2477989964432,10500.0,0.44964539734491926,0.9990152092324285,2.2239747274292863,1.0476190476190477
365,220630,맘스터치,1389.0819239174048,5230.0,2591.3131818887337,774.8304216171257,5010.0,0.5172281800177113,0.9991005503291526,1.9333826706150412,1.0439121756487026
133,031330,에스에이엠티,1450.0,5890.0,2318.653376729048,816.7412587002462,4915.0,0.47175043270173916,0.9992608490447314,2.1197648813440364,1.1983723296032553
464,039020,이건홀딩스,1335.0,7200.0,2864.609957787917,1086.9701879970007,6350.0,0.451119678391798,0.9993282417254037,2.216706669868431,1.1338582677165354
35,122870,와이지엔터테인먼트,19192.90780689872,73000.0,35839.58613048437,10652.474479816357,70300.0,0.5098091910452969,0.9993917181383046,1.9615181867349845,1.038406827880512
175,027710,팜스토리,606.0,3040.0,1224.7843762520604,448.00338087107025,2685.0,0.4561580544700411,0.9994417303644104,2.192222608371539,1.132216014897579
493,282880,코윈테크,13279.460811174782,37700.0,23880.841578778047,2809.403800139602,33200.0,0.7193024571921098,0.9995452640181997,1.3902357624407808,1.1355421686746987
24,041510,에스엠,16503.72567573793,83100.0,35959.90563977314,11852.531252135905,76100.0,0.4725348967118678,0.9996462115395854,2.116245820062171,1.0919842312746386
522,090410,덕신하우징,679.9507983177276,3130.0,1432.4520856081563,348.9381898863197,2630.0,0.5446585876837096,0.9997004010423376,1.8360125454970577,1.1901140684410647
295,222800,심텍,3678.571382378738,37000.0,11166.712756621358,7472.640422399018,37000.0,0.3018030474762529,0.9997269376581969,3.3134191598203926,1.0
589,053050,지에스이,975.0,3850.0,1718.1359740386845,314.2940578692866,2830.0,0.60711518517268,0.999798151615327,1.6471338955482935,1.3604240282685511
383,003100,선광,9980.0,56000.0,21959.707078925956,9550.874838187008,55800.0,0.3935431376151605,0.9998023198190419,2.5410175008003413,1.003584229390681
503,096240,청담러닝,10730.79610764286,38350.0,20227.284122914472,5089.516700819303,38350.0,0.5274389601802991,0.9998151318193909,1.8959539880371392,1.0
474,247540,에코프로비엠,42341.44503794025,499100.0,134856.1776064155,99834.97912848786,499100.0,0.27019871289604386,0.9998680909735388,3.7009798798883975,1.0
285,215000,골프존,29850.0,170200.0,64224.87785016287,27568.285560961594,170200.0,0.3773494585791003,0.9999395010555707,2.6500634286464178,1.0
156,042420,네오위즈홀딩스,9950.0,53100.0,17248.32870076795,7065.111264037978,44950.0,0.3837225517412225,0.9999558925489002,2.6060495935469206,1.1813125695216908
246,066670,디스플레이텍,2590.0,10200.0,4124.328722538649,1076.1511226398616,8390.0,0.4915767249748092,0.9999631203393767,2.0342704387626265,1.2157330154946364
259,036640,HRS,1275.0,10350.0,3977.1480878763223,1364.6950026891818,9640.0,0.4125672290328135,0.9999833425517332,2.4238473868714983,1.0736514522821576
341,263750,펄어비스,18020.68920214734,114800.0,45461.50317917688,15221.92890073882,110200.0,0.4125363264898083,0.9999894525858354,2.424028954028864,1.0417422867513613
419,086520,에코프로,8910.063545019415,137000.0,40745.436291543505,20702.22033252553,137000.0,0.2974119437338942,0.9999983361369398,3.3623397481801813,1.0
83,067160,아프리카TV,15420.095183312545,225200.0,54672.240260983344,34198.98494654588,225200.0,0.2427719372157342,0.999999692330584,4.119092228981025,1.0
76,068240,다원시스,7736.1275027279935,34200.0,13785.488495779866,3836.5215911571954,33000.0,0.4177420756296929,0.9999997254579781,2.393821590733056,1.0363636363636364
147,126600,코프라,1950.0,11900.0,4545.921027697257,1441.0604461856497,11900.0,0.3820101703947275,0.999999833057454,2.6177313524577355,1.0
345,066970,엘앤에프,7825.768069440668,216947.34672509236,34900.98363437095,33666.43632461006,209200.0,0.16683070570923014,0.9999998874001111,5.994100401055089,1.0370332061428889
384,094480,갤럭시아머니트리,1700.0,12000.0,4281.6470870972225,1322.6415795385053,12000.0,0.35680392392476856,0.9999999973194732,2.8026597605772077,1.0
414,042600,새로닉스,2385.0,35750.0,6464.987794955248,4573.252645505484,35150.0,0.18392568406700563,0.9999999998221732,5.4369785550760374,1.0170697012802277
396,094820,일진파워,3400.0,20400.0,6158.315703824247,2097.766963343996,19700.0,0.3126048580621445,0.9999999999459924,3.1989266136139327,1.0355329949238579
63,112040,위메이드,7097.360548020632,190000.0,21651.455940120173,18022.610712543355,165100.0,0.13114146541562793,0.9999999999999991,7.62535325368441,1.150817686250757
